RC-4HC Temperature+Humidity Data Logger;;;
User Information;RC-4HC Data Logger V536;;
Number;719AH10135;;
Interval    ;0:5:0 H:M:S;;
Delay Time;0.0 H;;
Data Sum;2363;;
Temperature Maximum;27.4°C;;
Temperature Minimum;14.7°C;;
Temperature Average;19.6°C;;
Temperature Alarm Upper Limit;60.0°C;;
Temperature Alarm Lower Limit;-30.0°C;;
Humidity Maximum;63.2%RH;;
Humidity Minimum;37.9%RH;;
Humidity Average;54%RH;;
Humidity Alarm Upper Limit;90%RH;;
Humidity Alarm Lower Limit;20%RH;;
Start Time;21/09/2020 11:19;;
End Time;29/09/2020 16:09;;
Date Format;yyyy-MM-dd HH:mm:ss;;
Temperature Unit;°C;;
Number;Time;Temperature°C;Humidity%RH
1;2020/03/24  11:02:00;-7,8;51
2;2020/03/24  11:02:00;-8,8;50
3;2020/03/24  11:03:00;-7,5;50.5
4;2020/03/24  11:03:00;-6,2;51
5;2020/03/24  11:04:00;-5,6;52
6;2020/03/24  11:04:00;-6;52
7;2020/03/24  11:05:00;-8,1;57.1
8;2020/03/24  11:05:00;-9,1;51.1
9;2020/03/24  11:06:00;-9,6;50.6
10;2020/03/24  11:06:00;-9,9;50.1
11;2020/03/24  11:07:00;-10;50.1
12;2020/03/24  11:07:00;-10,1;50.1
13;2020/03/24  11:08:00;-10,1;50.1
14;2020/03/24  11:08:00;-10,1;50.1
15;2020/03/24  11:09:00;-10,1;49.7
16;2020/03/24  11:09:00;-10;49.2
17;2020/03/24  11:10:00;-10;49.3
18;2020/03/24  11:10:00;-10;48.8
19;2020/03/24  11:11:00;-9,9;48.8
20;2020/03/24  11:11:00;-9,9;46.7
21;2020/03/24  11:12:00;-9,8;46.1
22;2020/03/24  11:12:00;-9,7;49.7
23;2020/03/24  11:13:00;-9,7;46.1
24;2020/03/24  11:13:00;-9,7;42.8
25;2020/03/24  11:14:00;-9,6;48.6
26;2020/03/24  11:14:00;-9,5;51.7
27;2020/03/24  11:15:00;-9,4;51.3
28;2020/03/24  11:15:00;-9,4;47.1
29;2020/03/24  11:16:00;-9,3;50.2
30;2020/03/24  11:16:00;-9,3;51.7
31;2020/03/24  11:17:00;-9,2;48.6
32;2020/03/24  11:17:00;-9,1;52.2
33;2020/03/24  11:18:00;-9,1;50.7
34;2020/03/24  11:18:00;-9,1;50.6
35;2020/03/24  11:19:00;-9,1;52.7
36;2020/03/24  11:19:00;-9,1;52.2
37;2020/03/24  11:20:00;-9,1;51.2
38;2020/03/24  11:20:00;-9,1;48.1
39;2020/03/24  11:21:00;-9;52.1
40;2020/03/24  11:21:00;-9;52.2
41;2020/03/24  11:22:00;-9;48.6
42;2020/03/24  11:22:00;-9;52.1
43;2020/03/24  11:23:00;-9;52.7
44;2020/03/24  11:23:00;-9;50.1
45;2020/03/24  11:24:00;-9;51.6
46;2020/03/24  11:24:00;-9;53.1
47;2020/03/24  11:25:00;-9;53.2
48;2020/03/24  11:25:00;-8,9;52.2
49;2020/03/24  11:26:00;-8,9;49.7
50;2020/03/24  11:26:00;-8,9;51.6
51;2020/03/24  11:27:00;-8,9;53.1
52;2020/03/24  11:27:00;-8,8;50.6
53;2020/03/24  11:28:00;-8,8;53.1
54;2020/03/24  11:28:00;-8,8;54.1
55;2020/03/24  11:29:00;-8,8;53.1
56;2020/03/24  11:29:00;-8,8;52.7
57;2020/03/24  11:30:00;-8,7;51.2
58;2020/03/24  11:30:00;-8,7;52.1
59;2020/03/24  11:31:00;-8,6;53.1
60;2020/03/24  11:31:00;-8,6;52.7
61;2020/03/24  11:32:00;-8,6;52.2
62;2020/03/24  11:32:00;-8,6;52.2
63;2020/03/24  11:33:00;-8,6;49.6
64;2020/03/24  11:33:00;-8,6;53.1
65;2020/03/24  11:34:00;-8,6;53.1
66;2020/03/24  11:34:00;-8,6;51.6
67;2020/03/24  11:35:00;-8,6;53.1
68;2020/03/24  11:35:00;-8,6;53.6
69;2020/03/24  11:36:00;-8,6;53.1
70;2020/03/24  11:36:00;-8,5;52.1
71;2020/03/24  11:37:00;-8,5;51.5
72;2020/03/24  11:37:00;-8,5;53
73;2020/03/24  11:38:00;-8,5;53.6
74;2020/03/24  11:38:00;-8,5;56.1
75;2020/03/24  11:39:00;-8,5;56.5
76;2020/03/24  11:39:00;-8,5;58
77;2020/03/24  11:40:00;-8,5;57
78;2020/03/24  11:40:00;-8,5;56
79;2020/03/24  11:41:00;-8,5;56
80;2020/03/24  11:41:00;-8,4;57.9
81;2020/03/24  11:42:00;-8,4;57.9
82;2020/03/24  11:42:00;-8,5;57.9
83;2020/03/24  11:43:00;-8,4;58.9
84;2020/03/24  11:43:00;-8,4;57.4
85;2020/03/24  11:44:00;-8,4;57.9
86;2020/03/24  11:44:00;-8,5;55
87;2020/03/24  11:45:00;-8,5;55.9
88;2020/03/24  11:45:00;-8,6;57.4
89;2020/03/24  11:46:00;-8,6;58.3
90;2020/03/24  11:46:00;-8,7;58.8
91;2020/03/24  11:47:00;-8,8;58.3
92;2020/03/24  11:47:00;-8,8;56.9
93;2020/03/24  11:48:00;-8,9;56.8
94;2020/03/24  11:48:00;-9;58.7
95;2020/03/24  11:49:00;-9;59.7
96;2020/03/24  11:49:00;-9;59.7
97;2020/03/24  11:50:00;-9;59.1
98;2020/03/24  11:50:00;-8,9;58.6
99;2020/03/24  11:51:00;-9;60
100;2020/03/24  11:51:00;-9;61
101;2020/03/24  11:52:00;-8,9;61.5
102;2020/03/24  11:52:00;-9;61
103;2020/03/24  11:53:00;-9,1;61.4
104;2020/03/24  11:53:00;-9,2;61.9
105;2020/03/24  11:54:00;-9,4;62.3
106;2020/03/24  11:54:00;-9,5;61.9
107;2020/03/24  11:55:00;-9,6;61.4
108;2020/03/24  11:55:00;-9,7;62.3
109;2020/03/24  11:56:00;-9,8;62.3
110;2020/03/24  11:56:00;-9,9;62.7
111;2020/03/24  11:57:00;-9,9;63.2
112;2020/03/24  11:57:00;-10;63.2
113;2020/03/24  11:58:00;-10,1;63.2
114;2020/03/24  11:58:00;-10,1;62.7
115;2020/03/24  11:59:00;-10,2;62.7
116;2020/03/24  11:59:00;-10,2;62.7
117;2020/03/24  12:00:00;-10,3;62.7
118;2020/03/24  12:00:00;-10,3;62.7
119;2020/03/24  12:01:00;-10,3;62.7
120;2020/03/24  12:01:00;-10,4;62.7
121;2020/03/24  12:02:00;-10,5;62.3
122;2020/03/24  12:02:00;-10,5;61.3
123;2020/03/24  12:03:00;-10,5;62.3
124;2020/03/24  12:03:00;-10,6;62.2
125;2020/03/24  12:04:00;-10,6;62.2
126;2020/03/24  12:04:00;-10,7;62.3
127;2020/03/24  12:05:00;-10,7;62.3
128;2020/03/24  12:05:00;-10,7;62.3
129;2020/03/24  12:06:00;-10,8;62.3
130;2020/03/24  12:06:00;-10,8;62.3
131;2020/03/24  12:07:00;-10,8;62.2
132;2020/03/24  12:07:00;-10,9;62.2
133;2020/03/24  12:08:00;-10,9;62.3
134;2020/03/24  12:08:00;-11;62.3
135;2020/03/24  12:09:00;-11;60.9
136;2020/03/24  12:09:00;-11;61.8
137;2020/03/24  12:10:00;-11;62.2
138;2020/03/24  12:10:00;-11;62.2
139;2020/03/24  12:11:00;-11,1;61.8
140;2020/03/24  12:11:00;-11,1;61.8
141;2020/03/24  12:12:00;-11,1;61.3
142;2020/03/24  12:12:00;-11,2;61.3
143;2020/03/24  12:13:00;-11,2;61.3
144;2020/03/24  12:13:00;-11,3;61.3
145;2020/03/24  12:14:00;-11,3;61.8
146;2020/03/24  12:14:00;-11,3;61.3
147;2020/03/24  12:15:00;-11,4;61.3
148;2020/03/24  12:15:00;-11,4;61.3
149;2020/03/24  12:16:00;-11,4;61.3
150;2020/03/24  12:16:00;-11,5;61.3
151;2020/03/24  12:17:00;-11,5;61.3
152;2020/03/24  12:17:00;-11,5;61.3
153;2020/03/24  12:18:00;-11,6;61.3
154;2020/03/24  12:18:00;-11,6;61.3
155;2020/03/24  12:19:00;-11,6;60.9
156;2020/03/24  12:19:00;-11,6;60.9
157;2020/03/24  12:20:00;-11,7;60.8
158;2020/03/24  12:20:00;-11,7;61.3
159;2020/03/24  12:21:00;-11,8;61.3
160;2020/03/24  12:21:00;-11,8;60.8
161;2020/03/24  12:22:00;-11,8;60.8
162;2020/03/24  12:22:00;-11,8;60.9
163;2020/03/24  12:23:00;-11,9;60.9
164;2020/03/24  12:23:00;-11,9;60.8
165;2020/03/24  12:24:00;-12;61.3
166;2020/03/24  12:24:00;-12;61.3
167;2020/03/24  12:25:00;-12;60.8
168;2020/03/24  12:25:00;-12,1;61.3
169;2020/03/24  12:26:00;-12,1;61.3
170;2020/03/24  12:26:00;-12,1;61.2
171;2020/03/24  12:27:00;-12,2;61.7
172;2020/03/24  12:27:00;-12,2;62.2
173;2020/03/24  12:28:00;-12,3;61.7
174;2020/03/24  12:28:00;-12,3;61.7
175;2020/03/24  12:29:00;-12,3;61.3
176;2020/03/24  12:29:00;-12,3;61.3
177;2020/03/24  12:30:00;-12,3;61.2
178;2020/03/24  12:30:00;-12,4;61.7
179;2020/03/24  12:31:00;-12,4;61.7
180;2020/03/24  12:31:00;-12,5;61.7
181;2020/03/24  12:32:00;-12,5;61.3
182;2020/03/24  12:32:00;-12,5;61.3
183;2020/03/24  12:33:00;-12,5;61.3
184;2020/03/24  12:33:00;-12,6;61.7
185;2020/03/24  12:34:00;-12,6;61.7
186;2020/03/24  12:34:00;-12,6;61.7
187;2020/03/24  12:35:00;-12,7;61.7
188;2020/03/24  12:35:00;-12,7;61.3
189;2020/03/24  12:36:00;-12,7;61.3
190;2020/03/24  12:36:00;-12,7;61.2
191;2020/03/24  12:37:00;-12,8;61.7
192;2020/03/24  12:37:00;-12,8;61.7
193;2020/03/24  12:38:00;-12,8;61.2
194;2020/03/24  12:38:00;-12,9;61.3
195;2020/03/24  12:39:00;-12,9;61.3
196;2020/03/24  12:39:00;-12,9;61.3
197;2020/03/24  12:40:00;-13;61.3
198;2020/03/24  12:40:00;-13;61.3
199;2020/03/24  12:41:00;-13;61.3
200;2020/03/24  12:41:00;-13;61.3
201;2020/03/24  12:42:00;-13;61.3
202;2020/03/24  12:42:00;-13;60.8
203;2020/03/24  12:43:00;-13,1;60.8
204;2020/03/24  12:43:00;-13,1;61.3
205;2020/03/24  12:44:00;-13,1;61.2
206;2020/03/24  12:44:00;-13,2;61.2
207;2020/03/24  12:45:00;-13,2;61.3
208;2020/03/24  12:45:00;-13,2;61.3
209;2020/03/24  12:46:00;-13,2;60.3
210;2020/03/24  12:46:00;-13,3;61.2
211;2020/03/24  12:47:00;-13,3;61.2
212;2020/03/24  12:47:00;-13,3;61.2
213;2020/03/24  12:48:00;-13,3;61.2
214;2020/03/24  12:48:00;-13,4;61.2
215;2020/03/24  12:49:00;-13,4;61.2
216;2020/03/24  12:49:00;-13,4;61.2
217;2020/03/24  12:50:00;-13,4;61.2
218;2020/03/24  12:50:00;-13,4;61.2
219;2020/03/24  12:51:00;-13,5;61.2
220;2020/03/24  12:51:00;-13,5;61.2
221;2020/03/24  12:52:00;-13,5;61.2
222;2020/03/24  12:52:00;-13,5;61.2
223;2020/03/24  12:53:00;-13,6;60.8
224;2020/03/24  12:53:00;-13,6;61.2
225;2020/03/24  12:54:00;-13,6;61.2
226;2020/03/24  12:54:00;-13,6;61.2
227;2020/03/24  12:55:00;-13,6;61.2
228;2020/03/24  12:55:00;-13,7;61.2
229;2020/03/24  12:56:00;-13,7;61.2
230;2020/03/24  12:56:00;-13,7;61.2
231;2020/03/24  12:57:00;-13,7;61.2
232;2020/03/24  12:57:00;-13,7;61.7
233;2020/03/24  12:58:00;-13,8;61.7
234;2020/03/24  12:58:00;-13,8;61.7
235;2020/03/24  12:59:00;-13,8;61.7
236;2020/03/24  12:59:00;-13,8;61.2
237;2020/03/24  13:00:00;-13,8;61.2
238;2020/03/24  13:00:00;-13,8;61.7
239;2020/03/24  13:01:00;-13,8;61.6
240;2020/03/24  13:01:00;-13,8;61.6
241;2020/03/24  13:02:00;-13,8;61.7
242;2020/03/24  13:02:00;-13,9;61.2
243;2020/03/24  13:03:00;-13,8;61.2
244;2020/03/24  13:03:00;-13,6;61.2
245;2020/03/24  13:04:00;-13,5;61.7
246;2020/03/24  13:04:00;-13,3;61.6
247;2020/03/24  13:05:00;-13,2;61.6
248;2020/03/24  13:05:00;-13,1;61.7
249;2020/03/24  13:06:00;-13,1;61.7
250;2020/03/24  13:06:00;-13,1;61.2
251;2020/03/24  13:07:00;-13,2;61.2
252;2020/03/24  13:07:00;-13,3;61.7
253;2020/03/24  13:08:00;-13,3;61.6
254;2020/03/24  13:08:00;-13,2;60.7
255;2020/03/24  13:09:00;-13,2;61.2
256;2020/03/24  13:09:00;-13,2;61.7
257;2020/03/24  13:10:00;-13,1;61.7
258;2020/03/24  13:10:00;-13,1;62.1
259;2020/03/24  13:11:00;-13;62.1
260;2020/03/24  13:11:00;-13;62.1
261;2020/03/24  13:12:00;-13;61.2
262;2020/03/24  13:12:00;-13;61.7
263;2020/03/24  13:13:00;-13;61.3
264;2020/03/24  13:13:00;-13;61.3
265;2020/03/24  13:14:00;-13;60.8
266;2020/03/24  13:14:00;-13;60.4
267;2020/03/24  13:15:00;-12,9;60.4
268;2020/03/24  13:15:00;-12,8;58.6
269;2020/03/24  13:16:00;-12,7;58.1
270;2020/03/24  13:16:00;-12,7;58.6
271;2020/03/24  13:17:00;-12,6;58.6
272;2020/03/24  13:17:00;-12,6;58.6
273;2020/03/24  13:18:00;-12,6;58.2
274;2020/03/24  13:18:00;-12,6;57.7
275;2020/03/24  13:19:00;-12,6;56.3
276;2020/03/24  13:19:00;-12,6;55.4
277;2020/03/24  13:20:00;-12,5;54.9
278;2020/03/24  13:20:00;-12,4;54.9
279;2020/03/24  13:21:00;-12,3;54.4
280;2020/03/24  13:21:00;-12,3;54
281;2020/03/24  13:22:00;-12,2;54
282;2020/03/24  13:22:00;-12,1;54
283;2020/03/24  13:23:00;-12;53.1
284;2020/03/24  13:23:00;-12;52.2
285;2020/03/24  13:24:00;-11,9;51.7
286;2020/03/24  13:24:00;-11,9;51.2
287;2020/03/24  13:25:00;-11,9;50.7
288;2020/03/24  13:25:00;-11,8;50.7
289;2020/03/24  13:26:00;-11,8;50.3
290;2020/03/24  13:26:00;-11,7;49.8
291;2020/03/24  13:27:00;-11,7;49.4
292;2020/03/24  13:27:00;-11,6;48.4
293;2020/03/24  13:28:00;-11,6;47.4
294;2020/03/24  13:28:00;-11,6;47.5
295;2020/03/24  13:29:00;-11,6;47
296;2020/03/24  13:29:00;-11,5;46.6
297;2020/03/24  13:30:00;-11,5;45.6
298;2020/03/24  13:30:00;-11,5;45
299;2020/03/24  13:31:00;-11,4;43.2
300;2020/03/24  13:31:00;-11,3;40.3
301;2020/03/24  13:32:00;-11,3;47.1
302;2020/03/24  13:32:00;-11,2;53.8
303;2020/03/24  13:33:00;-11,2;53.8
304;2020/03/24  13:33:00;-11,2;51.4
305;2020/03/24  13:34:00;-11,1;46.6
306;2020/03/24  13:34:00;-11,1;47.1
307;2020/03/24  13:35:00;-11;54.2
308;2020/03/24  13:35:00;-11;55.3
309;2020/03/24  13:36:00;-11;54.3
310;2020/03/24  13:36:00;-11;50.8
311;2020/03/24  13:37:00;-10,9;53.7
312;2020/03/24  13:37:00;-10,9;54.3
313;2020/03/24  13:38:00;-10,8;49.7
314;2020/03/24  13:38:00;-10,7;53.7
315;2020/03/24  13:39:00;-10,7;54.7
316;2020/03/24  13:39:00;-10,6;54.3
317;2020/03/24  13:40:00;-10,6;53.8
318;2020/03/24  13:40:00;-10,6;48.1
319;2020/03/24  13:41:00;-10,5;53.7
320;2020/03/24  13:41:00;-10,5;54.2
321;2020/03/24  13:42:00;-10,5;49.7
322;2020/03/24  13:42:00;-10,4;50.6
323;2020/03/24  13:43:00;-10,4;55.1
324;2020/03/24  13:43:00;-10,3;52.2
325;2020/03/24  13:44:00;-10,3;49.6
326;2020/03/24  13:44:00;-10,3;55.6
327;2020/03/24  13:45:00;-10,3;52.2
328;2020/03/24  13:45:00;-10,3;50.6
329;2020/03/24  13:46:00;-10,2;56.1
330;2020/03/24  13:46:00;-10,2;55.7
331;2020/03/24  13:47:00;-10,1;50.6
332;2020/03/24  13:47:00;-10,1;46.4
333;2020/03/24  13:48:00;-10;52
334;2020/03/24  13:48:00;-10;57.1
335;2020/03/24  13:49:00;-10;56.7
336;2020/03/24  13:49:00;-9,9;52.2
337;2020/03/24  13:50:00;-9,9;54.7
338;2020/03/24  13:50:00;-9,8;55.2
339;2020/03/24  13:51:00;-9,8;50.1
340;2020/03/24  13:51:00;-9,8;49
341;2020/03/24  13:52:00;-9,7;55.1
342;2020/03/24  13:52:00;-9,6;55.2
343;2020/03/24  13:53:00;-9,5;51.7
344;2020/03/24  13:53:00;-9,5;52.7
345;2020/03/24  13:54:00;-9,5;48
346;2020/03/24  13:54:00;-9,5;55.1
347;2020/03/24  13:55:00;-9,4;52.1
348;2020/03/24  13:55:00;-9,3;55.6
349;2020/03/24  13:56:00;-9,3;56.6
350;2020/03/24  13:56:00;-9,4;51.6
351;2020/03/24  13:57:00;-9,4;56.6
352;2020/03/24  13:57:00;-9,4;51.6
353;2020/03/24  13:58:00;-9,4;53.6
354;2020/03/24  13:58:00;-9,4;56.6
355;2020/03/24  13:59:00;-9,4;53.6
356;2020/03/24  13:59:00;-9,5;55.6
357;2020/03/24  14:00:00;-9,5;50.1
358;2020/03/24  14:00:00;-9,5;55.1
359;2020/03/24  14:01:00;-9,5;53.6
360;2020/03/24  14:01:00;-9,6;53.1
361;2020/03/24  14:02:00;-9,6;54.6
362;2020/03/24  14:02:00;-9,6;54.1
363;2020/03/24  14:03:00;-9,6;52
364;2020/03/24  14:03:00;-9,6;56.5
365;2020/03/24  14:04:00;-9,5;52.1
366;2020/03/24  14:04:00;-9,5;47.9
367;2020/03/24  14:05:00;-9,5;53
368;2020/03/24  14:05:00;-9,5;57
369;2020/03/24  14:06:00;-9,4;55.6
370;2020/03/24  14:06:00;-9,4;56.6
371;2020/03/24  14:07:00;-9,4;53.1
372;2020/03/24  14:07:00;-9,5;54.5
373;2020/03/24  14:08:00;-9,4;56.1
374;2020/03/24  14:08:00;-9,4;52
375;2020/03/24  14:09:00;-9,4;57
376;2020/03/24  14:09:00;-9,3;58
377;2020/03/24  14:10:00;-9,3;57.1
378;2020/03/24  14:10:00;-9,3;55.6
379;2020/03/24  14:11:00;-9,3;53.1
380;2020/03/24  14:11:00;-9,2;56.1
381;2020/03/24  14:12:00;-9,1;56.1
382;2020/03/24  14:12:00;-9,1;56.1
383;2020/03/24  14:13:00;-9,1;55.6
384;2020/03/24  14:13:00;-9,1;54.1
385;2020/03/24  14:14:00;-9;54.6
386;2020/03/24  14:14:00;-9;55.6
387;2020/03/24  14:15:00;-9;55.6
388;2020/03/24  14:15:00;-9;55.6
389;2020/03/24  14:16:00;-9;55.1
390;2020/03/24  14:16:00;-9,1;55.5
391;2020/03/24  14:17:00;-9,3;56
392;2020/03/24  14:17:00;-9,5;56
393;2020/03/24  14:18:00;-9,6;56
394;2020/03/24  14:18:00;-9,8;56
395;2020/03/24  14:19:00;-9,9;54
396;2020/03/24  14:19:00;-10,1;55.9
397;2020/03/24  14:20:00;-10,2;56.4
398;2020/03/24  14:20:00;-10,3;56.9
399;2020/03/24  14:21:00;-10,4;56.9
400;2020/03/24  14:21:00;-10,5;56.9
401;2020/03/24  14:22:00;-10,5;56.9
402;2020/03/24  14:22:00;-10,6;55.9
403;2020/03/24  14:23:00;-10,7;56.8
404;2020/03/24  14:23:00;-10,7;56.8
405;2020/03/24  14:24:00;-10,8;56.8
406;2020/03/24  14:24:00;-10,8;57.3
407;2020/03/24  14:25:00;-10,9;57.3
408;2020/03/24  14:25:00;-10,9;57.3
409;2020/03/24  14:26:00;-11;56.8
410;2020/03/24  14:26:00;-11;56.3
411;2020/03/24  14:27:00;-11,1;56.8
412;2020/03/24  14:27:00;-11,1;57.2
413;2020/03/24  14:28:00;-11,2;57.7
414;2020/03/24  14:28:00;-11,2;57.7
415;2020/03/24  14:29:00;-11,3;57.7
416;2020/03/24  14:29:00;-11,3;57.7
417;2020/03/24  14:30:00;-11,4;57.7
418;2020/03/24  14:30:00;-11,4;57.2
419;2020/03/24  14:31:00;-11,5;57.6
420;2020/03/24  14:31:00;-11,5;58.1
421;2020/03/24  14:32:00;-11,6;58.6
422;2020/03/24  14:32:00;-11,6;58.6
423;2020/03/24  14:33:00;-11,6;58.6
424;2020/03/24  14:33:00;-11,6;58.5
425;2020/03/24  14:34:00;-11,7;59
426;2020/03/24  14:34:00;-11,7;58.5
427;2020/03/24  14:35:00;-11,8;59
428;2020/03/24  14:35:00;-11,8;59.4
429;2020/03/24  14:36:00;-11,8;59.4
430;2020/03/24  14:36:00;-11,9;59.4
431;2020/03/24  14:37:00;-11,9;59.9
432;2020/03/24  14:37:00;-11,9;59.9
433;2020/03/24  14:38:00;-12;59.9
434;2020/03/24  14:38:00;-12;60.3
435;2020/03/24  14:39:00;-12;60.3
436;2020/03/24  14:39:00;-12,1;60.3
437;2020/03/24  14:40:00;-12,1;60.3
438;2020/03/24  14:40:00;-12,1;60.3
439;2020/03/24  14:41:00;-12,2;60.3
440;2020/03/24  14:41:00;-12,2;60.3
441;2020/03/24  14:42:00;-12,3;60.8
442;2020/03/24  14:42:00;-12,3;60.8
443;2020/03/24  14:43:00;-12,3;60.8
444;2020/03/24  14:43:00;-12,3;60.8
445;2020/03/24  14:44:00;-12,4;60.8
446;2020/03/24  14:44:00;-12,4;60.8
447;2020/03/24  14:45:00;-12,4;61.2
448;2020/03/24  14:45:00;-12,5;61.2
449;2020/03/24  14:46:00;-12,5;61.2
450;2020/03/24  14:46:00;-12,5;61.2
451;2020/03/24  14:47:00;-12,5;61.2
452;2020/03/24  14:47:00;-12,6;61.2
453;2020/03/24  14:48:00;-12,6;61.7
454;2020/03/24  14:48:00;-12,6;61.7
455;2020/03/24  14:49:00;-12,6;61.2
456;2020/03/24  14:49:00;-12,7;61.6
457;2020/03/24  14:50:00;-12,7;61.6
458;2020/03/24  14:50:00;-12,7;61.6
459;2020/03/24  14:51:00;-12,8;62.1
460;2020/03/24  14:51:00;-12,8;62.1
461;2020/03/24  14:52:00;-12,8;62.1
462;2020/03/24  14:52:00;-12,9;62.1
463;2020/03/24  14:53:00;-12,9;62.1
464;2020/03/24  14:53:00;-12,9;62
465;2020/03/24  14:54:00;-12,9;62
466;2020/03/24  14:54:00;-13;62
467;2020/03/24  14:55:00;-13;62
468;2020/03/24  14:55:00;-13;62
469;2020/03/24  14:56:00;-13;62
470;2020/03/24  14:56:00;-13;62
471;2020/03/24  14:57:00;-13,1;62.5
472;2020/03/24  14:57:00;-13,1;62.5
473;2020/03/24  14:58:00;-13,2;62.5
474;2020/03/24  14:58:00;-13,2;62.5
475;2020/03/24  14:59:00;-13,2;62.5
476;2020/03/24  14:59:00;-13,2;62.5
477;2020/03/24  15:00:00;-13,3;62.5
478;2020/03/24  15:00:00;-13,3;62.4
479;2020/03/24  15:01:00;-13,3;62.4
480;2020/03/24  15:01:00;-13,3;62.4
481;2020/03/24  15:02:00;-13,4;62.4
482;2020/03/24  15:02:00;-13,4;62.4
483;2020/03/24  15:03:00;-13,4;62.4
484;2020/03/24  15:03:00;-13,5;62.4
485;2020/03/24  15:04:00;-13,5;62.4
486;2020/03/24  15:04:00;-13,5;62.4
487;2020/03/24  15:05:00;-13,5;62.4
488;2020/03/24  15:05:00;-13,5;62.4
489;2020/03/24  15:06:00;-13,5;62.4
490;2020/03/24  15:06:00;-13,6;62.4
491;2020/03/24  15:07:00;-13,6;62.4
492;2020/03/24  15:07:00;-13,6;62.4
493;2020/03/24  15:08:00;-13,6;62.4
494;2020/03/24  15:08:00;-13,7;62.4
495;2020/03/24  15:09:00;-13,7;62.4
496;2020/03/24  15:09:00;-13,7;62.4
497;2020/03/24  15:10:00;-13,7;62.4
498;2020/03/24  15:10:00;-13,8;62.4
499;2020/03/24  15:11:00;-13,8;62.4
500;2020/03/24  15:11:00;-13,8;62.3
501;2020/03/24  15:12:00;-13,8;62.3
502;2020/03/24  15:12:00;-13,8;62.3
503;2020/03/24  15:13:00;-13,8;62.3
504;2020/03/24  15:13:00;-13,9;62.3
505;2020/03/24  15:14:00;-13,9;62.3
506;2020/03/24  15:14:00;-13,9;62.3
507;2020/03/24  15:15:00;-13,9;62.3
508;2020/03/24  15:15:00;-13,9;62.3
509;2020/03/24  15:16:00;-14;62.3
510;2020/03/24  15:16:00;-14;62.3
511;2020/03/24  15:17:00;-14;62.3
512;2020/03/24  15:17:00;-14;62.3
513;2020/03/24  15:18:00;-14,1;62.3
514;2020/03/24  15:18:00;-14,1;62.3
515;2020/03/24  15:19:00;-14,1;62.3
516;2020/03/24  15:19:00;-14,1;62.3
517;2020/03/24  15:20:00;-14,1;62.3
518;2020/03/24  15:20:00;-14,2;62.3
519;2020/03/24  15:21:00;-14,2;62.3
520;2020/03/24  15:21:00;-14,2;62.3
521;2020/03/24  15:22:00;-14,2;62.3
522;2020/03/24  15:22:00;-14,2;62.3
523;2020/03/24  15:23:00;-14,2;61.8
524;2020/03/24  15:23:00;-14,3;61.8
525;2020/03/24  15:24:00;-14,3;61.8
526;2020/03/24  15:24:00;-14,3;61.8
527;2020/03/24  15:25:00;-14,3;61.8
528;2020/03/24  15:25:00;-14,3;61.8
529;2020/03/24  15:26:00;-14,4;61.8
530;2020/03/24  15:26:00;-14,4;61.8
531;2020/03/24  15:27:00;-14,4;61.8
532;2020/03/24  15:27:00;-14,2;61.8
533;2020/03/24  15:28:00;-14;61.8
534;2020/03/24  15:28:00;-13,9;61.8
535;2020/03/24  15:29:00;-13,7;61.8
536;2020/03/24  15:29:00;-13,6;61.8
537;2020/03/24  15:30:00;-13,5;61.8
538;2020/03/24  15:30:00;-13,4;61.8
539;2020/03/24  15:31:00;-13,4;61.8
540;2020/03/24  15:31:00;-13,4;61.4
541;2020/03/24  15:32:00;-13,5;61
542;2020/03/24  15:32:00;-13,7;59.2
543;2020/03/24  15:33:00;-13,7;57.9
544;2020/03/24  15:33:00;-13,7;57
545;2020/03/24  15:34:00;-13,6;55.6
546;2020/03/24  15:34:00;-13,6;54.2
547;2020/03/24  15:35:00;-13,6;53.8
548;2020/03/24  15:35:00;-13,5;52.9
549;2020/03/24  15:36:00;-13,4;51.9
550;2020/03/24  15:36:00;-13,3;51
551;2020/03/24  15:37:00;-13,2;51
552;2020/03/24  15:37:00;-13,2;50
553;2020/03/24  15:38:00;-13,1;49.5
554;2020/03/24  15:38:00;-13,1;49.1
555;2020/03/24  15:39:00;-13;48.6
556;2020/03/24  15:39:00;-12,9;48.1
557;2020/03/24  15:40:00;-12,7;48.1
558;2020/03/24  15:40:00;-12,6;47.6
559;2020/03/24  15:41:00;-12,4;47.7
560;2020/03/24  15:41:00;-12,3;47.2
561;2020/03/24  15:42:00;-12,2;47.2
562;2020/03/24  15:42:00;-12,2;46.2
563;2020/03/24  15:43:00;-12,1;46.2
564;2020/03/24  15:43:00;-12,1;46.2
565;2020/03/24  15:44:00;-12,1;45.7
566;2020/03/24  15:44:00;-12;45.2
567;2020/03/24  15:45:00;-12;45.2
568;2020/03/24  15:45:00;-12;45.3
569;2020/03/24  15:46:00;-11,9;45.3
570;2020/03/24  15:46:00;-11,8;44.8
571;2020/03/24  15:47:00;-11,7;44.3
572;2020/03/24  15:47:00;-11,6;44.3
573;2020/03/24  15:48:00;-11,6;44.3
574;2020/03/24  15:48:00;-11,6;43.8
575;2020/03/24  15:49:00;-11,5;43.8
576;2020/03/24  15:49:00;-11,4;43.8
577;2020/03/24  15:50:00;-11,3;43.9
578;2020/03/24  15:50:00;-11,3;43.3
579;2020/03/24  15:51:00;-11,2;41.1
580;2020/03/24  15:51:00;-11,2;45.3
581;2020/03/24  15:52:00;-11,1;44.2
582;2020/03/24  15:52:00;-11,1;45.2
583;2020/03/24  15:53:00;-11,1;45.3
584;2020/03/24  15:53:00;-11,1;45.3
585;2020/03/24  15:54:00;-11;43.1
586;2020/03/24  15:54:00;-11;47.8
587;2020/03/24  15:55:00;-10,9;47.9
588;2020/03/24  15:55:00;-10,8;45.8
589;2020/03/24  15:56:00;-10,7;46.8
590;2020/03/24  15:56:00;-10,6;48.3
591;2020/03/24  15:57:00;-10,5;47.9
592;2020/03/24  15:57:00;-10,5;47.3
593;2020/03/24  15:58:00;-10,4;48.3
594;2020/03/24  15:58:00;-10,3;45.2
595;2020/03/24  15:59:00;-10,3;48.3
596;2020/03/24  15:59:00;-10,3;47.9
597;2020/03/24  16:00:00;-10,2;45.7
598;2020/03/24  16:00:00;-10,1;48.3
599;2020/03/24  16:01:00;-10,1;47.3
600;2020/03/24  16:01:00;-10;44.1
601;2020/03/24  16:02:00;-10;47.8
602;2020/03/24  16:02:00;-10;47.3
603;2020/03/24  16:03:00;-9,9;43.6
604;2020/03/24  16:03:00;-9,8;47.8
605;2020/03/24  16:04:00;-9,8;48.3
606;2020/03/24  16:04:00;-9,7;45.2
607;2020/03/24  16:05:00;-9,6;47.7
608;2020/03/24  16:05:00;-9,6;48.3
609;2020/03/24  16:06:00;-9,6;45.1
610;2020/03/24  16:06:00;-9,5;42.9
611;2020/03/24  16:07:00;-9,4;48.2
612;2020/03/24  16:07:00;-9,4;51.3
613;2020/03/24  16:08:00;-9,3;48.2
614;2020/03/24  16:08:00;-9,3;50.3
615;2020/03/24  16:09:00;-9,3;48.3
616;2020/03/24  16:09:00;-9,2;48.8
617;2020/03/24  16:10:00;-9,2;48.8
618;2020/03/24  16:10:00;-9,2;48.2
619;2020/03/24  16:11:00;-9,1;49.3
620;2020/03/24  16:11:00;-9,1;46.2
621;2020/03/24  16:12:00;-9,1;45
622;2020/03/24  16:12:00;-9,1;50.3
623;2020/03/24  16:13:00;-9,1;46.6
624;2020/03/24  16:13:00;-9;48.6
625;2020/03/24  16:14:00;-9,1;52.3
626;2020/03/24  16:14:00;-9;48.1
627;2020/03/24  16:15:00;-9;45.5
628;2020/03/24  16:15:00;-9;49.6
629;2020/03/24  16:16:00;-9,1;52.2
630;2020/03/24  16:16:00;-9;50.2
631;2020/03/24  16:17:00;-9;49.6
632;2020/03/24  16:17:00;-9;52.2
633;2020/03/24  16:18:00;-9;49.6
634;2020/03/24  16:18:00;-9;50.2
635;2020/03/24  16:19:00;-9;51.3
636;2020/03/24  16:19:00;-9;50.3
637;2020/03/24  16:20:00;-9;49.8
638;2020/03/24  16:20:00;-9;49.4
639;2020/03/24  16:21:00;-9;45.1
640;2020/03/24  16:21:00;-8,9;44
641;2020/03/24  16:22:00;-8,9;50.2
642;2020/03/24  16:22:00;-8,9;50.7
643;2020/03/24  16:23:00;-8,9;47.1
644;2020/03/24  16:23:00;-8,9;46.5
645;2020/03/24  16:24:00;-8,9;51.2
646;2020/03/24  16:24:00;-8,9;47.5
647;2020/03/24  16:25:00;-8,9;53.7
648;2020/03/24  16:25:00;-8,9;52.7
649;2020/03/24  16:26:00;-9;53.2
650;2020/03/24  16:26:00;-8,9;51.2
651;2020/03/24  16:27:00;-9;49.6
652;2020/03/24  16:27:00;-9;49.2
653;2020/03/24  16:28:00;-9;47.1
654;2020/03/24  16:28:00;-9;48.1
655;2020/03/24  16:29:00;-9;54.7
656;2020/03/24  16:29:00;-9;53.2
657;2020/03/24  16:30:00;-9;50.1
658;2020/03/24  16:30:00;-9;53.2
659;2020/03/24  16:31:00;-9;49.6
660;2020/03/24  16:31:00;-9;53.2
661;2020/03/24  16:32:00;-9,1;51.2
662;2020/03/24  16:32:00;-9,1;51.2
663;2020/03/24  16:33:00;-9;47.5
664;2020/03/24  16:33:00;-9,1;51.5
665;2020/03/24  16:34:00;-9,1;54.1
666;2020/03/24  16:34:00;-9,1;50
667;2020/03/24  16:35:00;-9,1;54.1
668;2020/03/24  16:35:00;-9,1;53.1
669;2020/03/24  16:36:00;-9,1;51.6
670;2020/03/24  16:36:00;-9,1;52.6
671;2020/03/24  16:37:00;-9,1;50.6
672;2020/03/24  16:37:00;-9,1;53.1
673;2020/03/24  16:38:00;-9,1;53.1
674;2020/03/24  16:38:00;-9,1;53.1
675;2020/03/24  16:39:00;-9,1;50.5
676;2020/03/24  16:39:00;-9;52
677;2020/03/24  16:40:00;-9,1;52.6
678;2020/03/24  16:40:00;-9,2;51
679;2020/03/24  16:41:00;-9,3;52.5
680;2020/03/24  16:41:00;-9,5;53
681;2020/03/24  16:42:00;-9,6;53
682;2020/03/24  16:42:00;-9,7;53
683;2020/03/24  16:43:00;-9,8;52
684;2020/03/24  16:43:00;-10;52.5
685;2020/03/24  16:44:00;-10,1;52.5
686;2020/03/24  16:44:00;-10,1;53
687;2020/03/24  16:45:00;-10,2;52.9
688;2020/03/24  16:45:00;-10,3;52.9
689;2020/03/24  16:46:00;-10,4;52.4
690;2020/03/24  16:46:00;-10,4;52.9
691;2020/03/24  16:47:00;-10,5;52.9
692;2020/03/24  16:47:00;-10,5;53.4
693;2020/03/24  16:48:00;-10,6;53.4
694;2020/03/24  16:48:00;-10,6;53.4
695;2020/03/24  16:49:00;-10,7;53.9
696;2020/03/24  16:49:00;-10,7;51.9
697;2020/03/24  16:50:00;-10,8;53.4
698;2020/03/24  16:50:00;-10,8;53.9
699;2020/03/24  16:51:00;-10,9;53.8
700;2020/03/24  16:51:00;-10,9;54.3
701;2020/03/24  16:52:00;-11;54.8
702;2020/03/24  16:52:00;-11;54.8
703;2020/03/24  16:53:00;-11;54.8
704;2020/03/24  16:53:00;-11,1;53.3
705;2020/03/24  16:54:00;-11,1;53.8
706;2020/03/24  16:54:00;-11,1;54.8
707;2020/03/24  16:55:00;-11,2;54.8
708;2020/03/24  16:55:00;-11,2;55.2
709;2020/03/24  16:56:00;-11,3;55.7
710;2020/03/24  16:56:00;-11,3;54.7
711;2020/03/24  16:57:00;-11,3;55.2
712;2020/03/24  16:57:00;-11,4;55.7
713;2020/03/24  16:58:00;-11,4;55.7
714;2020/03/24  16:58:00;-11,5;56.2
715;2020/03/24  16:59:00;-11,5;56.2
716;2020/03/24  16:59:00;-11,5;56.1
717;2020/03/24  17:00:00;-11,6;56.6
718;2020/03/24  17:00:00;-11,6;54.7
719;2020/03/24  17:01:00;-11,6;55.7
720;2020/03/24  17:01:00;-11,6;56.1
721;2020/03/24  17:02:00;-11,6;56.6
722;2020/03/24  17:02:00;-11,7;56.6
723;2020/03/24  17:03:00;-11,7;56.6
724;2020/03/24  17:03:00;-11,7;57.1
725;2020/03/24  17:04:00;-11,8;56.6
726;2020/03/24  17:04:00;-11,8;56.1
727;2020/03/24  17:05:00;-11,8;56.6
728;2020/03/24  17:05:00;-11,9;56.6
729;2020/03/24  17:06:00;-11,9;57.1
730;2020/03/24  17:06:00;-11,9;57.1
731;2020/03/24  17:07:00;-12;57.1
732;2020/03/24  17:07:00;-12;57.5
733;2020/03/24  17:08:00;-12;56.6
734;2020/03/24  17:08:00;-12,1;56.6
735;2020/03/24  17:09:00;-12,1;57.1
736;2020/03/24  17:09:00;-12,1;57.5
737;2020/03/24  17:10:00;-12,2;57.5
738;2020/03/24  17:10:00;-12,2;57.5
739;2020/03/24  17:11:00;-12,2;57.5
740;2020/03/24  17:11:00;-12,2;56.6
741;2020/03/24  17:12:00;-12,3;57.5
742;2020/03/24  17:12:00;-12,3;57.5
743;2020/03/24  17:13:00;-12,3;57.5
744;2020/03/24  17:13:00;-12,3;58
745;2020/03/24  17:14:00;-12,3;58
746;2020/03/24  17:14:00;-12,4;58
747;2020/03/24  17:15:00;-12,4;58
748;2020/03/24  17:15:00;-12,4;56.5
749;2020/03/24  17:16:00;-12,4;57.5
750;2020/03/24  17:16:00;-12,5;58
751;2020/03/24  17:17:00;-12,5;58
752;2020/03/24  17:17:00;-12,5;58.4
753;2020/03/24  17:18:00;-12,5;58.5
754;2020/03/24  17:18:00;-12,6;58.5
755;2020/03/24  17:19:00;-12,6;58
756;2020/03/24  17:19:00;-12,6;58
757;2020/03/24  17:20:00;-12,7;58.4
758;2020/03/24  17:20:00;-12,7;58.4
759;2020/03/24  17:21:00;-12,7;58.9
760;2020/03/24  17:21:00;-12,7;58.4
761;2020/03/24  17:22:00;-12,8;58
762;2020/03/24  17:22:00;-12,8;58.5
763;2020/03/24  17:23:00;-12,8;58
764;2020/03/24  17:23:00;-12,8;58.5
765;2020/03/24  17:24:00;-12,8;58.4
766;2020/03/24  17:24:00;-12,9;58.4
767;2020/03/24  17:25:00;-12,9;58.5
768;2020/03/24  17:25:00;-12,9;57.5
769;2020/03/24  17:26:00;-13;58
770;2020/03/24  17:26:00;-13;58
771;2020/03/24  17:27:00;-13;58
772;2020/03/24  17:27:00;-13;58.5
773;2020/03/24  17:28:00;-13;58.5
774;2020/03/24  17:28:00;-13,1;58.5
775;2020/03/24  17:29:00;-13,1;58.5
776;2020/03/24  17:29:00;-13,1;58.5
777;2020/03/24  17:30:00;-13,2;58
778;2020/03/24  17:30:00;-13,2;58.5
779;2020/03/24  17:31:00;-13,2;58.5
780;2020/03/24  17:31:00;-13,2;58.4
781;2020/03/24  17:32:00;-13,2;58.4
782;2020/03/24  17:32:00;-13,3;58
783;2020/03/24  17:33:00;-13,3;58.4
784;2020/03/24  17:33:00;-13,3;58.5
785;2020/03/24  17:34:00;-13,4;58.5
786;2020/03/24  17:34:00;-13,4;58.5
787;2020/03/24  17:35:00;-13,4;58.5
788;2020/03/24  17:35:00;-13,4;58.5
789;2020/03/24  17:36:00;-13,5;58.5
790;2020/03/24  17:36:00;-13,5;57.5
791;2020/03/24  17:37:00;-13,5;58
792;2020/03/24  17:37:00;-13,5;58.5
793;2020/03/24  17:38:00;-13,6;58.4
794;2020/03/24  17:38:00;-13,6;58.4
795;2020/03/24  17:39:00;-13,6;58.9
796;2020/03/24  17:39:00;-13,7;58.9
797;2020/03/24  17:40:00;-13,7;58.9
798;2020/03/24  17:40:00;-13,7;58.4
799;2020/03/24  17:41:00;-13,7;58.9
800;2020/03/24  17:41:00;-13,7;59.4
801;2020/03/24  17:42:00;-13,8;59.4
802;2020/03/24  17:42:00;-13,8;59.4
803;2020/03/24  17:43:00;-13,8;59.4
804;2020/03/24  17:43:00;-13,8;59.4
805;2020/03/24  17:44:00;-13,8;59.4
806;2020/03/24  17:44:00;-13,8;59.4
807;2020/03/24  17:45:00;-13,8;59.8
808;2020/03/24  17:45:00;-13,8;59.8
809;2020/03/24  17:46:00;-13,8;59.8
810;2020/03/24  17:46:00;-13,8;59.8
811;2020/03/24  17:47:00;-13,9;59.4
812;2020/03/24  17:47:00;-13,9;59.4
813;2020/03/24  17:48:00;-13,9;59.8
814;2020/03/24  17:48:00;-13,9;59.8
815;2020/03/24  17:49:00;-14;59.8
816;2020/03/24  17:49:00;-14;59.4
817;2020/03/24  17:50:00;-14;59.4
818;2020/03/24  17:50:00;-14;59.8
819;2020/03/24  17:51:00;-14;59.4
820;2020/03/24  17:51:00;-14;59.8
821;2020/03/24  17:52:00;-14;59.8
822;2020/03/24  17:52:00;-13,9;59.8
823;2020/03/24  17:53:00;-13,9;59.8
824;2020/03/24  17:53:00;-13,9;59.8
825;2020/03/24  17:54:00;-13,9;58.9
826;2020/03/24  17:54:00;-13,9;59.4
827;2020/03/24  17:55:00;-13,9;60.3
828;2020/03/24  17:55:00;-13,9;60.8
829;2020/03/24  17:56:00;-13,9;59.8
830;2020/03/24  17:56:00;-13,9;59.8
831;2020/03/24  17:57:00;-13,8;60.3
832;2020/03/24  17:57:00;-13,8;60.3
833;2020/03/24  17:58:00;-13,7;60.7
834;2020/03/24  17:58:00;-13,6;61.2
835;2020/03/24  17:59:00;-13,5;61.2
836;2020/03/24  17:59:00;-13,5;61.2
837;2020/03/24  18:00:00;-13,4;61.2
838;2020/03/24  18:00:00;-13,4;60.7
839;2020/03/24  18:01:00;-13,4;60.7
840;2020/03/24  18:01:00;-13,4;61.2
841;2020/03/24  18:02:00;-13,3;61.2
842;2020/03/24  18:02:00;-13,2;61.2
843;2020/03/24  18:03:00;-13,1;61.2
844;2020/03/24  18:03:00;-13;60.7
845;2020/03/24  18:04:00;-13;60.8
846;2020/03/24  18:04:00;-12,9;60.8
847;2020/03/24  18:05:00;-12,8;60.8
848;2020/03/24  18:05:00;-12,8;60.8
849;2020/03/24  18:06:00;-12,7;60.4
850;2020/03/24  18:06:00;-12,7;60.4
851;2020/03/24  18:07:00;-12,6;59.9
852;2020/03/24  18:07:00;-12,6;59.9
853;2020/03/24  18:08:00;-12,5;59.4
854;2020/03/24  18:08:00;-12,4;59.9
855;2020/03/24  18:09:00;-12,3;59.5
856;2020/03/24  18:09:00;-12,3;59.5
857;2020/03/24  18:10:00;-12,3;59.5
858;2020/03/24  18:10:00;-12,2;59.1
859;2020/03/24  18:11:00;-12,2;59.1
860;2020/03/24  18:11:00;-12,1;58.6
861;2020/03/24  18:12:00;-12,1;58.6
862;2020/03/24  18:12:00;-12;58.6
863;2020/03/24  18:13:00;-12;58.6
864;2020/03/24  18:13:00;-12;58.1
865;2020/03/24  18:14:00;-11,9;58.1
866;2020/03/24  18:14:00;-11,9;58.1
867;2020/03/24  18:15:00;-11,8;58.1
868;2020/03/24  18:15:00;-11,8;58.1
869;2020/03/24  18:16:00;-11,7;58.1
870;2020/03/24  18:16:00;-11,7;57.7
871;2020/03/24  18:17:00;-11,6;57.7
872;2020/03/24  18:17:00;-11,6;57.7
873;2020/03/24  18:18:00;-11,6;58.2
874;2020/03/24  18:18:00;-11,6;59.2
875;2020/03/24  18:19:00;-11,5;58.7
876;2020/03/24  18:19:00;-11,5;59.2
877;2020/03/24  18:20:00;-11,4;59.2
878;2020/03/24  18:20:00;-11,3;59.2
879;2020/03/24  18:21:00;-11,3;58.7
880;2020/03/24  18:21:00;-11,2;58.2
881;2020/03/24  18:22:00;-11,2;58.7
882;2020/03/24  18:22:00;-11,1;58.2
883;2020/03/24  18:23:00;-11,1;58.2
884;2020/03/24  18:23:00;-11;58.7
885;2020/03/24  18:24:00;-11;58.7
886;2020/03/24  18:24:00;-11;58.7
887;2020/03/24  18:25:00;-11;58.2
888;2020/03/24  18:25:00;-10,9;57.7
889;2020/03/24  18:26:00;-10,8;57.7
890;2020/03/24  18:26:00;-10,8;57.7
891;2020/03/24  18:27:00;-10,8;57.7
892;2020/03/24  18:27:00;-10,7;57.7
893;2020/03/24  18:28:00;-10,7;57.7
894;2020/03/24  18:28:00;-10,6;57.7
895;2020/03/24  18:29:00;-10,6;57.8
896;2020/03/24  18:29:00;-10,6;57.8
897;2020/03/24  18:30:00;-10,5;57.8
898;2020/03/24  18:30:00;-10,5;57.3
899;2020/03/24  18:31:00;-10,4;56.8
900;2020/03/24  18:31:00;-10,4;56.8
901;2020/03/24  18:32:00;-10,3;56.8
902;2020/03/24  18:32:00;-10,3;56.8
903;2020/03/24  18:33:00;-10,3;56.9
904;2020/03/24  18:33:00;-10,2;56.9
905;2020/03/24  18:34:00;-10,2;56.4
906;2020/03/24  18:34:00;-10,1;56.4
907;2020/03/24  18:35:00;-10,1;56.9
908;2020/03/24  18:35:00;-10,1;56.9
909;2020/03/24  18:36:00;-10;56.4
910;2020/03/24  18:36:00;-10;54.9
911;2020/03/24  18:37:00;-9,9;53.9
912;2020/03/24  18:37:00;-9,9;55.4
913;2020/03/24  18:38:00;-9,8;55.9
914;2020/03/24  18:38:00;-9,8;55.9
915;2020/03/24  18:39:00;-9,6;55.9
916;2020/03/24  18:39:00;-9,6;53.9
917;2020/03/24  18:40:00;-9,5;53.9
918;2020/03/24  18:40:00;-9,5;54.9
919;2020/03/24  18:41:00;-9,5;55.9
920;2020/03/24  18:41:00;-9,4;55.9
921;2020/03/24  18:42:00;-9,4;55.9
922;2020/03/24  18:42:00;-9,4;53.4
923;2020/03/24  18:43:00;-9,4;54.4
924;2020/03/24  18:43:00;-9,4;54.9
925;2020/03/24  18:44:00;-9,4;55.4
926;2020/03/24  18:44:00;-9,4;55.5
927;2020/03/24  18:45:00;-9,4;55
928;2020/03/24  18:45:00;-9,4;55.5
929;2020/03/24  18:46:00;-9,4;55.5
930;2020/03/24  18:46:00;-9,4;55.5
931;2020/03/24  18:47:00;-9,3;53
932;2020/03/24  18:47:00;-9,4;54.5
933;2020/03/24  18:48:00;-9,4;55
934;2020/03/24  18:48:00;-9,4;55
935;2020/03/24  18:49:00;-9,4;55
936;2020/03/24  18:49:00;-9,4;53
937;2020/03/24  18:50:00;-9,4;52.4
938;2020/03/24  18:50:00;-9,4;55.4
939;2020/03/24  18:51:00;-9,4;57.9
940;2020/03/24  18:51:00;-9,4;56.4
941;2020/03/24  18:52:00;-9,4;58.8
942;2020/03/24  18:52:00;-9,5;59.8
943;2020/03/24  18:53:00;-9,4;59.8
944;2020/03/24  18:53:00;-9,4;59.4
945;2020/03/24  18:54:00;-9,4;55.9
946;2020/03/24  18:54:00;-9,4;56.9
947;2020/03/24  18:55:00;-9,3;57.9
948;2020/03/24  18:55:00;-9,3;57.9
949;2020/03/24  18:56:00;-9,3;55.9
950;2020/03/24  18:56:00;-9,3;57.8
951;2020/03/24  18:57:00;-9,3;58.3
952;2020/03/24  18:57:00;-9,3;58.3
953;2020/03/24  18:58:00;-9,3;58.3
954;2020/03/24  18:58:00;-9,2;58.8
955;2020/03/24  18:59:00;-9,2;58.7
956;2020/03/24  18:59:00;-9,2;58.7
957;2020/03/24  19:00:00;-9,2;56.3
958;2020/03/24  19:00:00;-9,1;57.7
959;2020/03/24  19:01:00;-9,1;58.7
960;2020/03/24  19:01:00;-9;59.1
961;2020/03/24  19:02:00;-9;59.6
962;2020/03/24  19:02:00;-9,1;59.6
963;2020/03/24  19:03:00;-9,1;60
964;2020/03/24  19:03:00;-9,1;60
965;2020/03/24  19:04:00;-9,1;60.5
966;2020/03/24  19:04:00;-9,2;60.5
967;2020/03/24  19:05:00;-9,4;58.1
968;2020/03/24  19:05:00;-9,5;58.6
969;2020/03/24  19:06:00;-9,6;59.5
970;2020/03/24  19:06:00;-9,8;60.4
971;2020/03/24  19:07:00;-9,9;60.9
972;2020/03/24  19:07:00;-10;60.9
973;2020/03/24  19:08:00;-10,1;60.9
974;2020/03/24  19:08:00;-10,3;60
975;2020/03/24  19:09:00;-10,3;60.4
976;2020/03/24  19:09:00;-10,4;60.9
977;2020/03/24  19:10:00;-10,4;61.3
978;2020/03/24  19:10:00;-10,5;61.3
979;2020/03/24  19:11:00;-10,5;61.3
980;2020/03/24  19:11:00;-10,6;61.4
981;2020/03/24  19:12:00;-10,6;61.4
982;2020/03/24  19:12:00;-10,7;60.4
983;2020/03/24  19:13:00;-10,7;60.9
984;2020/03/24  19:13:00;-10,8;61.3
985;2020/03/24  19:14:00;-10,8;61.3
986;2020/03/24  19:14:00;-10,9;61.3
987;2020/03/24  19:15:00;-11;61.3
988;2020/03/24  19:15:00;-11;61.3
989;2020/03/24  19:16:00;-11;61.3
990;2020/03/24  19:16:00;-11;61.4
991;2020/03/24  19:17:00;-11;60.9
992;2020/03/24  19:17:00;-11;61.3
993;2020/03/24  19:18:00;-11,1;61.3
994;2020/03/24  19:18:00;-11,1;61.3
995;2020/03/24  19:19:00;-11,1;61.3
996;2020/03/24  19:19:00;-11,1;61.3
997;2020/03/24  19:20:00;-11,2;59.9
998;2020/03/24  19:20:00;-11,2;60.9
999;2020/03/24  19:21:00;-11,2;60.8
1000;2020/03/24  19:21:00;-11,3;61.3
1001;2020/03/24  19:22:00;-11,3;61.3
1002;2020/03/24  19:22:00;-11,3;61.3
1003;2020/03/24  19:23:00;-11,4;60.9
1004;2020/03/24  19:23:00;-11,4;61.3
1005;2020/03/24  19:24:00;-11,4;60.9
1006;2020/03/24  19:24:00;-11,4;61.3
1007;2020/03/24  19:25:00;-11,5;61.3
1008;2020/03/24  19:25:00;-11,5;61.3
1009;2020/03/24  19:26:00;-11,5;61.3
1010;2020/03/24  19:26:00;-11,5;61.3
1011;2020/03/24  19:27:00;-11,5;61.3
1012;2020/03/24  19:27:00;-11,6;60.9
1013;2020/03/24  19:28:00;-11,6;61.3
1014;2020/03/24  19:28:00;-11,6;61.3
1015;2020/03/24  19:29:00;-11,6;59.4
1016;2020/03/24  19:29:00;-11,6;60.4
1017;2020/03/24  19:30:00;-11,7;60.8
1018;2020/03/24  19:30:00;-11,7;61.3
1019;2020/03/24  19:31:00;-11,7;61.3
1020;2020/03/24  19:31:00;-11,8;61.3
1021;2020/03/24  19:32:00;-11,8;61.3
1022;2020/03/24  19:32:00;-11,8;61.3
1023;2020/03/24  19:33:00;-11,8;61.3
1024;2020/03/24  19:33:00;-11,8;61.3
1025;2020/03/24  19:34:00;-11,8;61.3
1026;2020/03/24  19:34:00;-11,8;61.3
1027;2020/03/24  19:35:00;-11,9;61.8
1028;2020/03/24  19:35:00;-11,9;61.7
1029;2020/03/24  19:36:00;-11,9;61.8
1030;2020/03/24  19:36:00;-11,9;61.8
1031;2020/03/24  19:37:00;-11,9;61.8
1032;2020/03/24  19:37:00;-11,9;61.8
1033;2020/03/24  19:38:00;-12;61.8
1034;2020/03/24  19:38:00;-12;61.8
1035;2020/03/24  19:39:00;-12;61.8
1036;2020/03/24  19:39:00;-12;61.8
1037;2020/03/24  19:40:00;-12;61.3
1038;2020/03/24  19:40:00;-12;60.8
1039;2020/03/24  19:41:00;-12,1;59.4
1040;2020/03/24  19:41:00;-12,1;60.4
1041;2020/03/24  19:42:00;-12,1;60.8
1042;2020/03/24  19:42:00;-12,2;60.8
1043;2020/03/24  19:43:00;-12,2;61.3
1044;2020/03/24  19:43:00;-12,2;61.3
1045;2020/03/24  19:44:00;-12,3;60.8
1046;2020/03/24  19:44:00;-12,3;60.8
1047;2020/03/24  19:45:00;-12,3;61.3
1048;2020/03/24  19:45:00;-12,3;61.3
1049;2020/03/24  19:46:00;-12,4;61.3
1050;2020/03/24  19:46:00;-12,4;60.8
1051;2020/03/24  19:47:00;-12,4;60.8
1052;2020/03/24  19:47:00;-12,5;60.8
1053;2020/03/24  19:48:00;-12,5;60.8
1054;2020/03/24  19:48:00;-12,5;60.8
1055;2020/03/24  19:49:00;-12,5;60.8
1056;2020/03/24  19:49:00;-12,6;60.8
1057;2020/03/24  19:50:00;-12,6;60.8
1058;2020/03/24  19:50:00;-12,6;60.8
1059;2020/03/24  19:51:00;-12,6;60.8
1060;2020/03/24  19:51:00;-12,7;60.8
1061;2020/03/24  19:52:00;-12,7;60.8
1062;2020/03/24  19:52:00;-12,7;60.8
1063;2020/03/24  19:53:00;-12,7;60.8
1064;2020/03/24  19:53:00;-12,8;60.8
1065;2020/03/24  19:54:00;-12,8;60.8
1066;2020/03/24  19:54:00;-12,8;60.8
1067;2020/03/24  19:55:00;-12,8;60.8
1068;2020/03/24  19:55:00;-12,9;60.4
1069;2020/03/24  19:56:00;-12,9;60.3
1070;2020/03/24  19:56:00;-12,9;60.8
1071;2020/03/24  19:57:00;-13;60.8
1072;2020/03/24  19:57:00;-13;60.3
1073;2020/03/24  19:58:00;-13;59.9
1074;2020/03/24  19:58:00;-13;59.9
1075;2020/03/24  19:59:00;-13;59.9
1076;2020/03/24  19:59:00;-13;60.3
1077;2020/03/24  20:00:00;-13;60.8
1078;2020/03/24  20:00:00;-13;60.8
1079;2020/03/24  20:01:00;-13;60.3
1080;2020/03/24  20:01:00;-13,1;60.3
1081;2020/03/24  20:02:00;-13,1;60.8
1082;2020/03/24  20:02:00;-13,1;60.8
1083;2020/03/24  20:03:00;-13,1;60.8
1084;2020/03/24  20:03:00;-13,2;60.8
1085;2020/03/24  20:04:00;-13,2;60.8
1086;2020/03/24  20:04:00;-13,2;60.8
1087;2020/03/24  20:05:00;-13,2;60.8
1088;2020/03/24  20:05:00;-13,2;60.8
1089;2020/03/24  20:06:00;-13,2;61.2
1090;2020/03/24  20:06:00;-13,2;61.2
1091;2020/03/24  20:07:00;-13,1;61.2
1092;2020/03/24  20:07:00;-13,1;61.2
1093;2020/03/24  20:08:00;-13,1;60.8
1094;2020/03/24  20:08:00;-13,1;61.3
1095;2020/03/24  20:09:00;-13,1;60.8
1096;2020/03/24  20:09:00;-13,1;61.2
1097;2020/03/24  20:10:00;-13,1;61.2
1098;2020/03/24  20:10:00;-13,1;61.3
1099;2020/03/24  20:11:00;-13,1;61.3
1100;2020/03/24  20:11:00;-13,1;60.8
1101;2020/03/24  20:12:00;-13,1;60.8
1102;2020/03/24  20:12:00;-13,1;60.8
1103;2020/03/24  20:13:00;-13,1;61.2
1104;2020/03/24  20:13:00;-13,1;61.2
1105;2020/03/24  20:14:00;-13,1;61.2
1106;2020/03/24  20:14:00;-13,1;61.3
1107;2020/03/24  20:15:00;-13;61.2
1108;2020/03/24  20:15:00;-12,8;61.2
1109;2020/03/24  20:16:00;-12,6;61.2
1110;2020/03/24  20:16:00;-12,4;61.2
1111;2020/03/24  20:17:00;-12,3;61.2
1112;2020/03/24  20:17:00;-12,1;61.7
1113;2020/03/24  20:18:00;-12;61.2
1114;2020/03/24  20:18:00;-11,9;61.2
1115;2020/03/24  20:19:00;-11,8;61.2
1116;2020/03/24  20:19:00;-11,8;61.7
1117;2020/03/24  20:20:00;-11,8;61.7
1118;2020/03/24  20:20:00;-11,9;61.7
1119;2020/03/24  20:21:00;-11,9;61.7
1120;2020/03/24  20:21:00;-12;61.8
1121;2020/03/24  20:22:00;-12;61.8
1122;2020/03/24  20:22:00;-12;61.3
1123;2020/03/24  20:23:00;-11,9;62.2
1124;2020/03/24  20:23:00;-11,9;62.2
1125;2020/03/24  20:24:00;-11,8;62.7
1126;2020/03/24  20:24:00;-11,8;62.6
1127;2020/03/24  20:25:00;-11,8;62.7
1128;2020/03/24  20:25:00;-11,8;62.7
1129;2020/03/24  20:26:00;-11,8;63.1
1130;2020/03/24  20:26:00;-11,8;63.1
1131;2020/03/24  20:27:00;-11,8;63.1
1132;2020/03/24  20:27:00;-11,7;63.1
1133;2020/03/24  20:28:00;-11,6;63.1
1134;2020/03/24  20:28:00;-11,6;63.2
1135;2020/03/24  20:29:00;-11,6;63.2
1136;2020/03/24  20:29:00;-11,5;63.2
1137;2020/03/24  20:30:00;-11,4;63.2
1138;2020/03/24  20:30:00;-11,3;63.2
1139;2020/03/24  20:31:00;-11,2;62.7
1140;2020/03/24  20:31:00;-11,1;62.8
1141;2020/03/24  20:32:00;-11,1;62.3
1142;2020/03/24  20:32:00;-11,1;62.3
1143;2020/03/24  20:33:00;-11,1;62.3
1144;2020/03/24  20:33:00;-11,1;62.3
1145;2020/03/24  20:34:00;-11,1;61.9
1146;2020/03/24  20:34:00;-11;61.9
1147;2020/03/24  20:35:00;-11;62.4
1148;2020/03/24  20:35:00;-11;61.9
1149;2020/03/24  20:36:00;-11;61.4
1150;2020/03/24  20:36:00;-10,9;61.4
1151;2020/03/24  20:37:00;-10,9;61.9
1152;2020/03/24  20:37:00;-10,8;61.4
1153;2020/03/24  20:38:00;-10,8;61.5
1154;2020/03/24  20:38:00;-10,7;60.5
1155;2020/03/24  20:39:00;-10,7;60.1
1156;2020/03/24  20:39:00;-10,6;59.6
1157;2020/03/24  20:40:00;-10,6;59.6
1158;2020/03/24  20:40:00;-10,4;59.2
1159;2020/03/24  20:41:00;-10,3;58.7
1160;2020/03/24  20:41:00;-10,3;57.8
1161;2020/03/24  20:42:00;-10,3;57.3
1162;2020/03/24  20:42:00;-10,3;56.9
1163;2020/03/24  20:43:00;-10,3;56.9
1164;2020/03/24  20:43:00;-10,2;56.4
1165;2020/03/24  20:44:00;-10,2;55.9
1166;2020/03/24  20:44:00;-10,1;55.9
1167;2020/03/24  20:45:00;-10,1;55.9
1168;2020/03/24  20:45:00;-10;55.5
1169;2020/03/24  20:46:00;-10;55.5
1170;2020/03/24  20:46:00;-10;55
1171;2020/03/24  20:47:00;-10;54.5
1172;2020/03/24  20:47:00;-10;54.1
1173;2020/03/24  20:48:00;-10;54
1174;2020/03/24  20:48:00;-10;54
1175;2020/03/24  20:49:00;-9,9;54
1176;2020/03/24  20:49:00;-9,9;53.6
1177;2020/03/24  20:50:00;-9,8;53.1
1178;2020/03/24  20:50:00;-9,8;53.1
1179;2020/03/24  20:51:00;-9,7;52.7
1180;2020/03/24  20:51:00;-9,6;52.2
1181;2020/03/24  20:52:00;-9,6;51.2
1182;2020/03/24  20:52:00;-9,6;50.7
1183;2020/03/24  20:53:00;-9,6;51.2
1184;2020/03/24  20:53:00;-9,6;51.2
1185;2020/03/24  20:54:00;-9,6;51.2
1186;2020/03/24  20:54:00;-9,5;51.2
1187;2020/03/24  20:55:00;-9,5;51.2
1188;2020/03/24  20:55:00;-9,5;50.7
1189;2020/03/24  20:56:00;-9,4;51.2
1190;2020/03/24  20:56:00;-9,4;51.7
1191;2020/03/24  20:57:00;-9,4;52.2
1192;2020/03/24  20:57:00;-9,4;52.2
1193;2020/03/24  20:58:00;-9,4;52.2
1194;2020/03/24  20:58:00;-9,3;52.2
1195;2020/03/24  20:59:00;-9,3;50.6
1196;2020/03/24  20:59:00;-9,3;52.1
1197;2020/03/24  21:00:00;-9,3;53.1
1198;2020/03/24  21:00:00;-9,3;51.1
1199;2020/03/24  21:01:00;-9,3;52
1200;2020/03/24  21:01:00;-9,3;52.6
1201;2020/03/24  21:02:00;-9,2;52.1
1202;2020/03/24  21:02:00;-9,2;53
1203;2020/03/24  21:03:00;-9,2;53
1204;2020/03/24  21:03:00;-9,2;52.5
1205;2020/03/24  21:04:00;-9,2;53
1206;2020/03/24  21:04:00;-9,2;52
1207;2020/03/24  21:05:00;-9,2;52.5
1208;2020/03/24  21:05:00;-9,2;53
1209;2020/03/24  21:06:00;-9,2;52
1210;2020/03/24  21:06:00;-9,2;53.5
1211;2020/03/24  21:07:00;-9,2;54
1212;2020/03/24  21:07:00;-9,2;54
1213;2020/03/24  21:08:00;-9,2;53
1214;2020/03/24  21:08:00;-9,2;53
1215;2020/03/24  21:09:00;-9,2;52.5
1216;2020/03/24  21:09:00;-9,2;51
1217;2020/03/24  21:10:00;-9,2;52
1218;2020/03/24  21:10:00;-9,2;52.5
1219;2020/03/24  21:11:00;-9,3;52
1220;2020/03/24  21:11:00;-9,3;52
1221;2020/03/24  21:12:00;-9,3;50
1222;2020/03/24  21:12:00;-9,3;50.4
1223;2020/03/24  21:13:00;-9,2;52
1224;2020/03/24  21:13:00;-9,3;52
1225;2020/03/24  21:14:00;-9,3;51.5
1226;2020/03/24  21:14:00;-9,3;52
1227;2020/03/24  21:15:00;-9,3;51.5
1228;2020/03/24  21:15:00;-9,3;50.9
1229;2020/03/24  21:16:00;-9,3;51.9
1230;2020/03/24  21:16:00;-9,3;51.9
1231;2020/03/24  21:17:00;-9,3;52.5
1232;2020/03/24  21:17:00;-9,3;51.5
1233;2020/03/24  21:18:00;-9,3;51.4
1234;2020/03/24  21:18:00;-9,2;51.9
1235;2020/03/24  21:19:00;-9,2;50.9
1236;2020/03/24  21:19:00;-9,2;52.4
1237;2020/03/24  21:20:00;-9,2;52.9
1238;2020/03/24  21:20:00;-9,1;52.9
1239;2020/03/24  21:21:00;-9,1;52.9
1240;2020/03/24  21:21:00;-9,1;53.4
1241;2020/03/24  21:22:00;-9,1;53.9
1242;2020/03/24  21:22:00;-9,1;53.8
1243;2020/03/24  21:23:00;-9,1;53.8
1244;2020/03/24  21:23:00;-9,1;53.8
1245;2020/03/24  21:24:00;-9,1;52.8
1246;2020/03/24  21:24:00;-9,1;54.3
1247;2020/03/24  21:25:00;-9,1;54.8
1248;2020/03/24  21:25:00;-9,1;54.8
1249;2020/03/24  21:26:00;-9;54.7
1250;2020/03/24  21:26:00;-9;54.8
1251;2020/03/24  21:27:00;-9,1;55.2
1252;2020/03/24  21:27:00;-9,1;54.2
1253;2020/03/24  21:28:00;-9,1;55.2
1254;2020/03/24  21:28:00;-9,3;55.7
1255;2020/03/24  21:29:00;-9,5;56.1
1256;2020/03/24  21:29:00;-9,7;56.1
1257;2020/03/24  21:30:00;-9,8;56.1
1258;2020/03/24  21:30:00;-10;56.6
1259;2020/03/24  21:31:00;-10,1;56.6
1260;2020/03/24  21:31:00;-10,3;56.1
1261;2020/03/24  21:32:00;-10,3;56.6
1262;2020/03/24  21:32:00;-10,4;57.1
1263;2020/03/24  21:33:00;-10,5;57.1
1264;2020/03/24  21:33:00;-10,6;57.1
1265;2020/03/24  21:34:00;-10,7;57.1
1266;2020/03/24  21:34:00;-10,8;57
1267;2020/03/24  21:35:00;-10,8;57.5
1268;2020/03/24  21:35:00;-10,9;57.5
1269;2020/03/24  21:36:00;-11;58
1270;2020/03/24  21:36:00;-11;58
1271;2020/03/24  21:37:00;-11;58
1272;2020/03/24  21:37:00;-11,1;58
1273;2020/03/24  21:38:00;-11,1;57.5
1274;2020/03/24  21:38:00;-11,2;58
1275;2020/03/24  21:39:00;-11,2;58
1276;2020/03/24  21:39:00;-11,3;58
1277;2020/03/24  21:40:00;-11,3;58
1278;2020/03/24  21:40:00;-11,4;58
1279;2020/03/24  21:41:00;-11,4;58
1280;2020/03/24  21:41:00;-11,5;58
1281;2020/03/24  21:42:00;-11,5;58
1282;2020/03/24  21:42:00;-11,6;58.4
1283;2020/03/24  21:43:00;-11,6;58.4
1284;2020/03/24  21:43:00;-11,6;58.5
1285;2020/03/24  21:44:00;-11,6;58.5
1286;2020/03/24  21:44:00;-11,7;57.5
1287;2020/03/24  21:45:00;-11,7;58.4
1288;2020/03/24  21:45:00;-11,7;58.4
1289;2020/03/24  21:46:00;-11,8;58.4
1290;2020/03/24  21:46:00;-11,8;58.4
1291;2020/03/24  21:47:00;-11,8;58.4
1292;2020/03/24  21:47:00;-11,8;58.4
1293;2020/03/24  21:48:00;-11,9;58.4
1294;2020/03/24  21:48:00;-11,9;58.4
1295;2020/03/24  21:49:00;-12;58.4
1296;2020/03/24  21:49:00;-12;58.4
1297;2020/03/24  21:50:00;-12;58.4
1298;2020/03/24  21:50:00;-12,1;58.4
1299;2020/03/24  21:51:00;-12,1;58.4
1300;2020/03/24  21:51:00;-12,1;58.4
1301;2020/03/24  21:52:00;-12,2;58.4
1302;2020/03/24  21:52:00;-12,2;58.4
1303;2020/03/24  21:53:00;-12,3;58.4
1304;2020/03/24  21:53:00;-12,3;58.4
1305;2020/03/24  21:54:00;-12,3;58.4
1306;2020/03/24  21:54:00;-12,3;58.4
1307;2020/03/24  21:55:00;-12,3;58.4
1308;2020/03/24  21:55:00;-12,4;58.9
1309;2020/03/24  21:56:00;-12,4;58.8
1310;2020/03/24  21:56:00;-12,4;59.3
1311;2020/03/24  21:57:00;-12,5;59.3
1312;2020/03/24  21:57:00;-12,5;59.3
1313;2020/03/24  21:58:00;-12,5;59.3
1314;2020/03/24  21:58:00;-12,5;59.3
1315;2020/03/24  21:59:00;-12,6;59.3
1316;2020/03/24  21:59:00;-12,6;59.8
1317;2020/03/24  22:00:00;-12,7;59.7
1318;2020/03/24  22:00:00;-12,7;59.7
1319;2020/03/24  22:01:00;-12,7;59.7
1320;2020/03/24  22:01:00;-12,8;59.7
1321;2020/03/24  22:02:00;-12,8;59.7
1322;2020/03/24  22:02:00;-12,8;59.7
1323;2020/03/24  22:03:00;-12,9;59.7
1324;2020/03/24  22:03:00;-12,9;59.7
1325;2020/03/24  22:04:00;-12,9;59.7
1326;2020/03/24  22:04:00;-12,9;59.7
1327;2020/03/24  22:05:00;-12,9;59.2
1328;2020/03/24  22:05:00;-13;59.7
1329;2020/03/24  22:06:00;-13;59.7
1330;2020/03/24  22:06:00;-13;59.7
1331;2020/03/24  22:07:00;-13;59.7
1332;2020/03/24  22:07:00;-13;59.7
1333;2020/03/24  22:08:00;-13;59.2
1334;2020/03/24  22:08:00;-13;59.2
1335;2020/03/24  22:09:00;-13;59.2
1336;2020/03/24  22:09:00;-13;59.2
1337;2020/03/24  22:10:00;-13,1;59.2
1338;2020/03/24  22:10:00;-13,1;59.2
1339;2020/03/24  22:11:00;-13,1;59.2
1340;2020/03/24  22:11:00;-13,2;59.2
1341;2020/03/24  22:12:00;-13,2;59.2
1342;2020/03/24  22:12:00;-13,2;59.2
1343;2020/03/24  22:13:00;-13,2;59.2
1344;2020/03/24  22:13:00;-13,2;59.2
1345;2020/03/24  22:14:00;-13,2;59.2
1346;2020/03/24  22:14:00;-13,2;59.2
1347;2020/03/24  22:15:00;-13,3;59.2
1348;2020/03/24  22:15:00;-13,3;58.8
1349;2020/03/24  22:16:00;-13,3;59.2
1350;2020/03/24  22:16:00;-13,4;59.2
1351;2020/03/24  22:17:00;-13,4;59.2
1352;2020/03/24  22:17:00;-13,4;59.2
1353;2020/03/24  22:18:00;-13,5;58.7
1354;2020/03/24  22:18:00;-13,5;58.8
1355;2020/03/24  22:19:00;-13,5;58.7
1356;2020/03/24  22:19:00;-13,6;58.7
1357;2020/03/24  22:20:00;-13,6;58.7
1358;2020/03/24  22:20:00;-13,6;58.7
1359;2020/03/24  22:21:00;-13,6;58.7
1360;2020/03/24  22:21:00;-13,7;58.7
1361;2020/03/24  22:22:00;-13,7;58.7
1362;2020/03/24  22:22:00;-13,7;58.7
1363;2020/03/24  22:23:00;-13,7;58.7
1364;2020/03/24  22:23:00;-13,7;58.7
1365;2020/03/24  22:24:00;-13,8;58.7
1366;2020/03/24  22:24:00;-13,8;58.7
1367;2020/03/24  22:25:00;-13,8;58.7
1368;2020/03/24  22:25:00;-13,8;58.7
1369;2020/03/24  22:26:00;-13,8;58.7
1370;2020/03/24  22:26:00;-13,8;58.7
1371;2020/03/24  22:27:00;-13,8;58.7
1372;2020/03/24  22:27:00;-13,9;58.7
1373;2020/03/24  22:28:00;-13,9;58.7
1374;2020/03/24  22:28:00;-13,9;58.7
1375;2020/03/24  22:29:00;-13,9;58.7
1376;2020/03/24  22:29:00;-14;58.7
1377;2020/03/24  22:30:00;-14;58.7
1378;2020/03/24  22:30:00;-14;58.7
1379;2020/03/24  22:31:00;-14;58.7
1380;2020/03/24  22:31:00;-14;58.2
1381;2020/03/24  22:32:00;-14;58.2
1382;2020/03/24  22:32:00;-14;58.2
1383;2020/03/24  22:33:00;-14;58.2
1384;2020/03/24  22:33:00;-14,1;58.7
1385;2020/03/24  22:34:00;-14,1;58.7
1386;2020/03/24  22:34:00;-14,1;58.2
1387;2020/03/24  22:35:00;-14,1;58.2
1388;2020/03/24  22:35:00;-14,1;58.2
1389;2020/03/24  22:36:00;-14,2;58.2
1390;2020/03/24  22:36:00;-14,2;58.2
1391;2020/03/24  22:37:00;-14,2;58.2
1392;2020/03/24  22:37:00;-14,2;58.2
1393;2020/03/24  22:38:00;-14,2;58.2
1394;2020/03/24  22:38:00;-14,3;58.2
1395;2020/03/24  22:39:00;-14,3;58.2
1396;2020/03/24  22:39:00;-14,3;58.2
1397;2020/03/24  22:40:00;-14,4;58.2
1398;2020/03/24  22:40:00;-14,4;58.2
1399;2020/03/24  22:41:00;-14,4;58.2
1400;2020/03/24  22:41:00;-14,5;58.2
1401;2020/03/24  22:42:00;-14,5;57.7
1402;2020/03/24  22:42:00;-14,4;57.7
1403;2020/03/24  22:43:00;-14,4;57.8
1404;2020/03/24  22:43:00;-14,4;57.7
1405;2020/03/24  22:44:00;-14,4;58.2
1406;2020/03/24  22:44:00;-14,4;56.9
1407;2020/03/24  22:45:00;-14,4;55.6
1408;2020/03/24  22:45:00;-14,4;54.2
1409;2020/03/24  22:46:00;-14,4;53.3
1410;2020/03/24  22:46:00;-14,4;52.3
1411;2020/03/24  22:47:00;-14,4;51.4
1412;2020/03/24  22:47:00;-14,4;50.4
1413;2020/03/24  22:48:00;-14,3;50
1414;2020/03/24  22:48:00;-14,2;49
1415;2020/03/24  22:49:00;-14,2;48.5
1416;2020/03/24  22:49:00;-14,1;47.5
1417;2020/03/24  22:50:00;-14;47
1418;2020/03/24  22:50:00;-14;47
1419;2020/03/24  22:51:00;-13,9;45.5
1420;2020/03/24  22:51:00;-13,8;46
1421;2020/03/24  22:52:00;-13,8;45.5
1422;2020/03/24  22:52:00;-13,7;44.5
1423;2020/03/24  22:53:00;-13,6;45
1424;2020/03/24  22:53:00;-13,6;44.5
1425;2020/03/24  22:54:00;-13,5;44
1426;2020/03/24  22:54:00;-13,4;42.4
1427;2020/03/24  22:55:00;-13,4;43.5
1428;2020/03/24  22:55:00;-13,3;43
1429;2020/03/24  22:56:00;-13,2;41.9
1430;2020/03/24  22:56:00;-13,2;43.5
1431;2020/03/24  22:57:00;-13,1;43.5
1432;2020/03/24  22:57:00;-13,1;41.9
1433;2020/03/24  22:58:00;-13;43
1434;2020/03/24  22:58:00;-13;42.5
1435;2020/03/24  22:59:00;-13;42.5
1436;2020/03/24  22:59:00;-13;42.5
1437;2020/03/24  23:00:00;-12,9;42
1438;2020/03/24  23:00:00;-12,9;42.5
1439;2020/03/24  23:01:00;-12,9;41.9
1440;2020/03/24  23:01:00;-12,8;41.9
1441;2020/03/24  23:02:00;-12,8;41.9
1442;2020/03/24  23:02:00;-12,7;42.5
1443;2020/03/24  23:03:00;-12,7;42.4
1444;2020/03/24  23:03:00;-12,7;42.5
1445;2020/03/24  23:04:00;-12,6;41.9
1446;2020/03/24  23:04:00;-12,6;42.4
1447;2020/03/24  23:05:00;-12,6;43
1448;2020/03/24  23:05:00;-12,5;42.4
1449;2020/03/24  23:06:00;-12,5;43
1450;2020/03/24  23:06:00;-12,5;43
1451;2020/03/24  23:07:00;-12,4;43
1452;2020/03/24  23:07:00;-12,4;41.9
1453;2020/03/24  23:08:00;-12,3;42.9
1454;2020/03/24  23:08:00;-12,3;41.9
1455;2020/03/24  23:09:00;-12,3;42.4
1456;2020/03/24  23:09:00;-12,3;42.9
1457;2020/03/24  23:10:00;-12,3;42.9
1458;2020/03/24  23:10:00;-12,2;41.9
1459;2020/03/24  23:11:00;-12,2;42.9
1460;2020/03/24  23:11:00;-12,1;41.9
1461;2020/03/24  23:12:00;-12,1;42.3
1462;2020/03/24  23:12:00;-12,1;43.9
1463;2020/03/24  23:13:00;-12;43.4
1464;2020/03/24  23:13:00;-12;43.4
1465;2020/03/24  23:14:00;-11,9;44.4
1466;2020/03/24  23:14:00;-11,9;42.9
1467;2020/03/24  23:15:00;-11,9;43.9
1468;2020/03/24  23:15:00;-11,8;43.9
1469;2020/03/24  23:16:00;-11,8;44.4
1470;2020/03/24  23:16:00;-11,8;44.5
1471;2020/03/24  23:17:00;-11,8;44.4
1472;2020/03/24  23:17:00;-11,8;43.9
1473;2020/03/24  23:18:00;-11,7;44.9
1474;2020/03/24  23:18:00;-11,7;44.4
1475;2020/03/24  23:19:00;-11,7;44.4
1476;2020/03/24  23:19:00;-11,6;44.4
1477;2020/03/24  23:20:00;-11,6;44.9
1478;2020/03/24  23:20:00;-11,6;44.9
1479;2020/03/24  23:21:00;-11,6;44.9
1480;2020/03/24  23:21:00;-11,6;43.9
1481;2020/03/24  23:22:00;-11,6;44.9
1482;2020/03/24  23:22:00;-11,6;44.9
1483;2020/03/24  23:23:00;-11,5;44.4
1484;2020/03/24  23:23:00;-11,5;44.9
1485;2020/03/24  23:24:00;-11,5;44.9
1486;2020/03/24  23:24:00;-11,5;44.9
1487;2020/03/24  23:25:00;-11,5;44.9
1488;2020/03/24  23:25:00;-11,4;44.9
1489;2020/03/24  23:26:00;-11,4;45.4
1490;2020/03/24  23:26:00;-11,4;45.4
1491;2020/03/24  23:27:00;-11,4;44.9
1492;2020/03/24  23:27:00;-11,4;45.9
1493;2020/03/24  23:28:00;-11,3;45.9
1494;2020/03/24  23:28:00;-11,3;45.4
1495;2020/03/24  23:29:00;-11,3;45.9
1496;2020/03/24  23:29:00;-11,3;45.4
1497;2020/03/24  23:30:00;-11,3;45.9
1498;2020/03/24  23:30:00;-11,3;46.4
1499;2020/03/24  23:31:00;-11,3;44.9
1500;2020/03/24  23:31:00;-11,3;45.9
1501;2020/03/24  23:32:00;-11,3;45.9
1502;2020/03/24  23:32:00;-11,2;45.9
1503;2020/03/24  23:33:00;-11,2;45.9
1504;2020/03/24  23:33:00;-11,2;45.4
1505;2020/03/24  23:34:00;-11,2;45.9
1506;2020/03/24  23:34:00;-11,2;46.4
1507;2020/03/24  23:35:00;-11,2;45.9
1508;2020/03/24  23:35:00;-11,2;45.9
1509;2020/03/24  23:36:00;-11,2;45.9
1510;2020/03/24  23:36:00;-11,2;45.9
1511;2020/03/24  23:37:00;-11,2;45.9
1512;2020/03/24  23:37:00;-11,2;45.9
1513;2020/03/24  23:38:00;-11,2;45.9
1514;2020/03/24  23:38:00;-11,2;44.3
1515;2020/03/24  23:39:00;-11,2;45.9
1516;2020/03/24  23:39:00;-11,2;46.4
1517;2020/03/24  23:40:00;-11,2;44.3
1518;2020/03/24  23:40:00;-11,2;45.9
1519;2020/03/24  23:41:00;-11,2;45.9
1520;2020/03/24  23:41:00;-11,3;44.3
1521;2020/03/24  23:42:00;-11,3;45.9
1522;2020/03/24  23:42:00;-11,3;45.4
1523;2020/03/24  23:43:00;-11,3;45.9
1524;2020/03/24  23:43:00;-11,3;45.4
1525;2020/03/24  23:44:00;-11,4;44.9
1526;2020/03/24  23:44:00;-11,4;44.9
1527;2020/03/24  23:45:00;-11,4;45.4
1528;2020/03/24  23:45:00;-11,5;45.9
1529;2020/03/24  23:46:00;-11,5;45.9
1530;2020/03/24  23:46:00;-11,5;45.4
1531;2020/03/24  23:47:00;-11,5;45.9
1532;2020/03/24  23:47:00;-11,6;44.9
1533;2020/03/24  23:48:00;-11,6;45.4
1534;2020/03/24  23:48:00;-11,6;45.4
1535;2020/03/24  23:49:00;-11,6;45.4
1536;2020/03/24  23:49:00;-11,7;45.3
1537;2020/03/24  23:50:00;-11,7;46.4
1538;2020/03/24  23:50:00;-11,7;45.3
1539;2020/03/24  23:51:00;-11,8;46.3
1540;2020/03/24  23:51:00;-11,8;46.8
1541;2020/03/24  23:52:00;-11,8;45.8
1542;2020/03/24  23:52:00;-11,8;47.3
1543;2020/03/24  23:53:00;-11,9;47.8
1544;2020/03/24  23:53:00;-11,9;48.3
1545;2020/03/24  23:54:00;-11,9;48.3
1546;2020/03/24  23:54:00;-12;47.3
1547;2020/03/24  23:55:00;-12;48.3
1548;2020/03/24  23:55:00;-12;48.8
1549;2020/03/24  23:56:00;-12,1;48.8
1550;2020/03/24  23:56:00;-12,1;48.8
1551;2020/03/24  23:57:00;-12,1;49.2
1552;2020/03/24  23:57:00;-12,1;49.2
1553;2020/03/24  23:58:00;-12,2;49.2
1554;2020/03/24  23:58:00;-12,2;48.2
1555;2020/03/24  23:59:00;-12,2;49.7
1556;2020/03/24  23:59:00;-12,2;49.7
1557;2020/03/25  0:00:00;-12,2;50.2
1558;2020/03/25  0:00:00;-12,3;50.2
1559;2020/03/25  0:01:00;-12,3;49.6
1560;2020/03/25  0:01:00;-12,3;50.1
1561;2020/03/25  0:02:00;-12,3;50.1
1562;2020/03/25  0:02:00;-12,3;50.6
1563;2020/03/25  0:03:00;-12,4;50.1
1564;2020/03/25  0:03:00;-12,4;50.6
1565;2020/03/25  0:04:00;-12,4;50.6
1566;2020/03/25  0:04:00;-12,5;50.6
1567;2020/03/25  0:05:00;-12,5;50.6
1568;2020/03/25  0:05:00;-12,5;50.6
1569;2020/03/25  0:06:00;-12,5;49.6
1570;2020/03/25  0:06:00;-12,5;50.6
1571;2020/03/25  0:07:00;-12,5;50.6
1572;2020/03/25  0:07:00;-12,6;50.6
1573;2020/03/25  0:08:00;-12,6;51.1
1574;2020/03/25  0:08:00;-12,7;51.1
1575;2020/03/25  0:09:00;-12,7;50.6
1576;2020/03/25  0:09:00;-12,7;50.6
1577;2020/03/25  0:10:00;-12,8;50.6
1578;2020/03/25  0:10:00;-12,8;51.1
1579;2020/03/25  0:11:00;-12,8;51.1
1580;2020/03/25  0:11:00;-12,9;51.1
1581;2020/03/25  0:12:00;-12,9;51.6
1582;2020/03/25  0:12:00;-12,9;51.1
1583;2020/03/25  0:13:00;-13;51.1
1584;2020/03/25  0:13:00;-13;51.6
1585;2020/03/25  0:14:00;-13;51.5
1586;2020/03/25  0:14:00;-13;51.5
1587;2020/03/25  0:15:00;-13,1;51.5
1588;2020/03/25  0:15:00;-13,1;51.5
1589;2020/03/25  0:16:00;-13,1;51.5
1590;2020/03/25  0:16:00;-13,1;51.6
1591;2020/03/25  0:17:00;-13,2;51.5
1592;2020/03/25  0:17:00;-13,2;51.5
1593;2020/03/25  0:18:00;-13,2;51.5
1594;2020/03/25  0:18:00;-13,2;51.5
1595;2020/03/25  0:19:00;-13,3;51.5
1596;2020/03/25  0:19:00;-13,3;51.5
1597;2020/03/25  0:20:00;-13,3;51.5
1598;2020/03/25  0:20:00;-13,4;51.5
1599;2020/03/25  0:21:00;-13,4;52
1600;2020/03/25  0:21:00;-13,4;52
1601;2020/03/25  0:22:00;-13,4;52
1602;2020/03/25  0:22:00;-13,5;52
1603;2020/03/25  0:23:00;-13,5;52
1604;2020/03/25  0:23:00;-13,5;52
1605;2020/03/25  0:24:00;-13,6;52
1606;2020/03/25  0:24:00;-13,6;52.5
1607;2020/03/25  0:25:00;-13,6;52.5
1608;2020/03/25  0:25:00;-13,6;52.5
1609;2020/03/25  0:26:00;-13,7;52.5
1610;2020/03/25  0:26:00;-13,7;52.5
1611;2020/03/25  0:27:00;-13,8;52
1612;2020/03/25  0:27:00;-13,8;52.5
1613;2020/03/25  0:28:00;-13,8;52.5
1614;2020/03/25  0:28:00;-13,8;52.5
1615;2020/03/25  0:29:00;-13,8;52.5
1616;2020/03/25  0:29:00;-13,9;52.5
1617;2020/03/25  0:30:00;-13,9;52.9
1618;2020/03/25  0:30:00;-13,9;52.9
1619;2020/03/25  0:31:00;-14;52.9
1620;2020/03/25  0:31:00;-14;52.9
1621;2020/03/25  0:32:00;-14;52.9
1622;2020/03/25  0:32:00;-14;53.4
1623;2020/03/25  0:33:00;-14;53.4
1624;2020/03/25  0:33:00;-14;53.4
1625;2020/03/25  0:34:00;-14,1;53.4
1626;2020/03/25  0:34:00;-14,1;53.4
1627;2020/03/25  0:35:00;-14,1;53.4
1628;2020/03/25  0:35:00;-14,1;53.9
1629;2020/03/25  0:36:00;-14,1;53.8
1630;2020/03/25  0:36:00;-14,1;53.8
1631;2020/03/25  0:37:00;-14,2;53.8
1632;2020/03/25  0:37:00;-14,2;53.8
1633;2020/03/25  0:38:00;-14,2;53.8
1634;2020/03/25  0:38:00;-14,2;54.3
1635;2020/03/25  0:39:00;-14,2;54.3
1636;2020/03/25  0:39:00;-14,2;54.3
1637;2020/03/25  0:40:00;-14,2;54.3
1638;2020/03/25  0:40:00;-14,3;54.3
1639;2020/03/25  0:41:00;-14,3;54.3
1640;2020/03/25  0:41:00;-14,3;54.3
1641;2020/03/25  0:42:00;-14,4;54.3
1642;2020/03/25  0:42:00;-14,4;54.3
1643;2020/03/25  0:43:00;-14,4;54.3
1644;2020/03/25  0:43:00;-14,5;54.3
1645;2020/03/25  0:44:00;-14,5;54.3
1646;2020/03/25  0:44:00;-14,5;54.3
1647;2020/03/25  0:45:00;-14,5;54.3
1648;2020/03/25  0:45:00;-14,5;54.8
1649;2020/03/25  0:46:00;-14,6;54.3
1650;2020/03/25  0:46:00;-14,6;54.3
1651;2020/03/25  0:47:00;-14,6;54.3
1652;2020/03/25  0:47:00;-14,6;54.3
1653;2020/03/25  0:48:00;-14,6;54.8
1654;2020/03/25  0:48:00;-14,7;54.7
1655;2020/03/25  0:49:00;-14,7;54.7
1656;2020/03/25  0:49:00;-14,7;54.7
1657;2020/03/25  0:50:00;-14,8;54.7
1658;2020/03/25  0:50:00;-14,8;54.7
1659;2020/03/25  0:51:00;-14,8;54.7
1660;2020/03/25  0:51:00;-14,8;54.7
1661;2020/03/25  0:52:00;-14,8;55.2
1662;2020/03/25  0:52:00;-14,8;55.2
1663;2020/03/25  0:53:00;-14,8;55.2
1664;2020/03/25  0:53:00;-14,8;55.2
1665;2020/03/25  0:54:00;-14,9;54.7
1666;2020/03/25  0:54:00;-14,9;55.2
1667;2020/03/25  0:55:00;-14,9;55.2
1668;2020/03/25  0:55:00;-14,9;55.2
1669;2020/03/25  0:56:00;-14,9;55.2
1670;2020/03/25  0:56:00;-14,9;55.2
1671;2020/03/25  0:57:00;-15;55.2
1672;2020/03/25  0:57:00;-15;55.1
1673;2020/03/25  0:58:00;-15;55.1
1674;2020/03/25  0:58:00;-15,1;55.6
1675;2020/03/25  0:59:00;-15,1;55.6
1676;2020/03/25  0:59:00;-15,1;55.6
1677;2020/03/25  1:00:00;-15,1;55.6
1678;2020/03/25  1:00:00;-15,1;55.6
1679;2020/03/25  1:01:00;-15,1;55.6
1680;2020/03/25  1:01:00;-15,1;55.6
1681;2020/03/25  1:02:00;-15,2;55.6
1682;2020/03/25  1:02:00;-15,2;55.6
1683;2020/03/25  1:03:00;-15,3;55.6
1684;2020/03/25  1:03:00;-15,3;55.6
1685;2020/03/25  1:04:00;-15,3;55.6
1686;2020/03/25  1:04:00;-15,3;55.6
1687;2020/03/25  1:05:00;-15,4;55.5
1688;2020/03/25  1:05:00;-15,4;55.5
1689;2020/03/25  1:06:00;-15,4;55.5
1690;2020/03/25  1:06:00;-15,4;55.1
1691;2020/03/25  1:07:00;-15,4;55.1
1692;2020/03/25  1:07:00;-15,4;55.1
1693;2020/03/25  1:08:00;-15,4;55.1
1694;2020/03/25  1:08:00;-15,4;53.8
1695;2020/03/25  1:09:00;-15,4;52.4
1696;2020/03/25  1:09:00;-15,3;50.5
1697;2020/03/25  1:10:00;-15,3;49.6
1698;2020/03/25  1:10:00;-15,3;48.7
1699;2020/03/25  1:11:00;-15,2;47.7
1700;2020/03/25  1:11:00;-15,1;46.7
1701;2020/03/25  1:12:00;-15;46.2
1702;2020/03/25  1:12:00;-15;45.2
1703;2020/03/25  1:13:00;-14,9;44.8
1704;2020/03/25  1:13:00;-14,8;43.8
1705;2020/03/25  1:14:00;-14,8;43.3
1706;2020/03/25  1:14:00;-14,7;42.8
1707;2020/03/25  1:15:00;-14,6;42.8
1708;2020/03/25  1:15:00;-14,6;41.7
1709;2020/03/25  1:16:00;-14,5;41.8
1710;2020/03/25  1:16:00;-14,5;40.7
1711;2020/03/25  1:17:00;-14,4;40.8
1712;2020/03/25  1:17:00;-14,4;40.2
1713;2020/03/25  1:18:00;-14,3;40.2
1714;2020/03/25  1:18:00;-14,2;39.7
1715;2020/03/25  1:19:00;-14,2;39.7
1716;2020/03/25  1:19:00;-14,1;39.7
1717;2020/03/25  1:20:00;-14;38.7
1718;2020/03/25  1:20:00;-14;39.7
1719;2020/03/25  1:21:00;-13,9;39.8
1720;2020/03/25  1:21:00;-13,9;38.7
1721;2020/03/25  1:22:00;-13,8;39.8
1722;2020/03/25  1:22:00;-13,8;39.8
1723;2020/03/25  1:23:00;-13,8;39.2
1724;2020/03/25  1:23:00;-13,7;39.8
1725;2020/03/25  1:24:00;-13,7;38.7
1726;2020/03/25  1:24:00;-13,6;39.7
1727;2020/03/25  1:25:00;-13,6;39.8
1728;2020/03/25  1:25:00;-13,5;39.2
1729;2020/03/25  1:26:00;-13,5;39.7
1730;2020/03/25  1:26:00;-13,4;40.3
1731;2020/03/25  1:27:00;-13,4;39.8
1732;2020/03/25  1:27:00;-13,3;40.3
1733;2020/03/25  1:28:00;-13,3;39.8
1734;2020/03/25  1:28:00;-13,2;40.8
1735;2020/03/25  1:29:00;-13,2;39.8
1736;2020/03/25  1:29:00;-13,1;40.8
1737;2020/03/25  1:30:00;-13,1;40.8
1738;2020/03/25  1:30:00;-13;40.3
1739;2020/03/25  1:31:00;-13;40.8
1740;2020/03/25  1:31:00;-13;40.8
1741;2020/03/25  1:32:00;-12,9;40.3
1742;2020/03/25  1:32:00;-12,9;40.8
1743;2020/03/25  1:33:00;-12,8;40.8
1744;2020/03/25  1:33:00;-12,8;40.8
1745;2020/03/25  1:34:00;-12,7;41.9
1746;2020/03/25  1:34:00;-12,7;40.8
1747;2020/03/25  1:35:00;-12,7;41.9
1748;2020/03/25  1:35:00;-12,6;41.3
1749;2020/03/25  1:36:00;-12,6;41.8
1750;2020/03/25  1:36:00;-12,5;42.4
1751;2020/03/25  1:37:00;-12,5;42.4
1752;2020/03/25  1:37:00;-12,5;42.3
1753;2020/03/25  1:38:00;-12,4;42.9
1754;2020/03/25  1:38:00;-12,4;42.4
1755;2020/03/25  1:39:00;-12,4;42.8
1756;2020/03/25  1:39:00;-12,4;42.9
1757;2020/03/25  1:40:00;-12,3;42.8
1758;2020/03/25  1:40:00;-12,3;42.8
1759;2020/03/25  1:41:00;-12,3;43.9
1760;2020/03/25  1:41:00;-12,3;42.8
1761;2020/03/25  1:42:00;-12,3;44.4
1762;2020/03/25  1:42:00;-12,2;43.3
1763;2020/03/25  1:43:00;-12,2;43.9
1764;2020/03/25  1:43:00;-12,2;44.4
1765;2020/03/25  1:44:00;-12,1;43.9
1766;2020/03/25  1:44:00;-12,1;43.9
1767;2020/03/25  1:45:00;-12,1;44.9
1768;2020/03/25  1:45:00;-12,1;44.9
1769;2020/03/25  1:46:00;-12;43.9
1770;2020/03/25  1:46:00;-12;44.9
1771;2020/03/25  1:47:00;-12;44.9
1772;2020/03/25  1:47:00;-12;44.9
1773;2020/03/25  1:48:00;-11,9;44.9
1774;2020/03/25  1:48:00;-11,9;45.9
1775;2020/03/25  1:49:00;-11,9;44.9
1776;2020/03/25  1:49:00;-11,9;44.9
1777;2020/03/25  1:50:00;-11,9;45.4
1778;2020/03/25  1:50:00;-11,8;45.4
1779;2020/03/25  1:51:00;-11,8;45.9
1780;2020/03/25  1:51:00;-11,8;45.9
1781;2020/03/25  1:52:00;-11,8;45.4
1782;2020/03/25  1:52:00;-11,8;45.4
1783;2020/03/25  1:53:00;-11,7;45.9
1784;2020/03/25  1:53:00;-11,7;45.9
1785;2020/03/25  1:54:00;-11,7;46.4
1786;2020/03/25  1:54:00;-11,7;46.4
1787;2020/03/25  1:55:00;-11,7;45.9
1788;2020/03/25  1:55:00;-11,7;45.9
1789;2020/03/25  1:56:00;-11,6;47
1790;2020/03/25  1:56:00;-11,6;46.4
1791;2020/03/25  1:57:00;-11,6;46.4
1792;2020/03/25  1:57:00;-11,6;45.9
1793;2020/03/25  1:58:00;-11,6;47
1794;2020/03/25  1:58:00;-11,6;47
1795;2020/03/25  1:59:00;-11,6;47
1796;2020/03/25  1:59:00;-11,6;47
1797;2020/03/25  2:00:00;-11,6;45.9
1798;2020/03/25  2:00:00;-11,6;47
1799;2020/03/25  2:01:00;-11,6;47.5
1800;2020/03/25  2:01:00;-11,6;47.5
1801;2020/03/25  2:02:00;-11,6;48
1802;2020/03/25  2:02:00;-11,6;45.9
1803;2020/03/25  2:03:00;-11,6;47.5
1804;2020/03/25  2:03:00;-11,6;48
1805;2020/03/25  2:04:00;-11,6;45.9
1806;2020/03/25  2:04:00;-11,6;48
1807;2020/03/25  2:05:00;-11,6;48
1808;2020/03/25  2:05:00;-11,6;47.5
1809;2020/03/25  2:06:00;-11,6;48
1810;2020/03/25  2:06:00;-11,6;46.5
1811;2020/03/25  2:07:00;-11,7;48
1812;2020/03/25  2:07:00;-11,7;48
1813;2020/03/25  2:08:00;-11,7;47
1814;2020/03/25  2:08:00;-11,7;47
1815;2020/03/25  2:09:00;-11,8;47.5
1816;2020/03/25  2:09:00;-11,8;48
1817;2020/03/25  2:10:00;-11,8;48
1818;2020/03/25  2:10:00;-11,8;47.5
1819;2020/03/25  2:11:00;-11,9;48
1820;2020/03/25  2:11:00;-11,9;48
1821;2020/03/25  2:12:00;-11,9;47
1822;2020/03/25  2:12:00;-12;47.5
1823;2020/03/25  2:13:00;-12;47.5
1824;2020/03/25  2:13:00;-12;47
1825;2020/03/25  2:14:00;-12,1;47.5
1826;2020/03/25  2:14:00;-12,1;47
1827;2020/03/25  2:15:00;-12,1;47.5
1828;2020/03/25  2:15:00;-12,2;47.5
1829;2020/03/25  2:16:00;-12,2;46.9
1830;2020/03/25  2:16:00;-12,2;48
1831;2020/03/25  2:17:00;-12,3;47.4
1832;2020/03/25  2:17:00;-12,3;47.4
1833;2020/03/25  2:18:00;-12,3;47.9
1834;2020/03/25  2:18:00;-12,3;48.9
1835;2020/03/25  2:19:00;-12,3;47.9
1836;2020/03/25  2:19:00;-12,4;48.9
1837;2020/03/25  2:20:00;-12,4;48.9
1838;2020/03/25  2:20:00;-12,4;48.9
1839;2020/03/25  2:21:00;-12,5;49.4
1840;2020/03/25  2:21:00;-12,5;49.9
1841;2020/03/25  2:22:00;-12,5;49.8
1842;2020/03/25  2:22:00;-12,5;49.9
1843;2020/03/25  2:23:00;-12,6;48.8
1844;2020/03/25  2:23:00;-12,6;49.8
1845;2020/03/25  2:24:00;-12,6;49.8
1846;2020/03/25  2:24:00;-12,7;50.3
1847;2020/03/25  2:25:00;-12,7;50.3
1848;2020/03/25  2:25:00;-12,7;50.3
1849;2020/03/25  2:26:00;-12,8;50.3
1850;2020/03/25  2:26:00;-12,8;49.3
1851;2020/03/25  2:27:00;-12,8;50.3
1852;2020/03/25  2:27:00;-12,9;50.3
1853;2020/03/25  2:28:00;-12,9;49.8
1854;2020/03/25  2:28:00;-12,9;50.3
1855;2020/03/25  2:29:00;-13;50.8
1856;2020/03/25  2:29:00;-13;50.8
1857;2020/03/25  2:30:00;-13;50.8
1858;2020/03/25  2:30:00;-13;50.8
1859;2020/03/25  2:31:00;-13;50.8
1860;2020/03/25  2:31:00;-13;50.8
1861;2020/03/25  2:32:00;-13;51.3
1862;2020/03/25  2:32:00;-13,1;51.2
1863;2020/03/25  2:33:00;-13,1;51.2
1864;2020/03/25  2:33:00;-13,1;51.2
1865;2020/03/25  2:34:00;-13,2;51.7
1866;2020/03/25  2:34:00;-13,2;51.7
1867;2020/03/25  2:35:00;-13,2;51.2
1868;2020/03/25  2:35:00;-13,2;51.7
1869;2020/03/25  2:36:00;-13,3;52.2
1870;2020/03/25  2:36:00;-13,3;52.2
1871;2020/03/25  2:37:00;-13,3;52.7
1872;2020/03/25  2:37:00;-13,3;52.7
1873;2020/03/25  2:38:00;-13,4;52.7
1874;2020/03/25  2:38:00;-13,4;52.7
1875;2020/03/25  2:39:00;-13,4;52.6
1876;2020/03/25  2:39:00;-13,4;52.6
1877;2020/03/25  2:40:00;-13,5;53.1
1878;2020/03/25  2:40:00;-13,5;52.1
1879;2020/03/25  2:41:00;-13,5;53.1
1880;2020/03/25  2:41:00;-13,5;53.1
1881;2020/03/25  2:42:00;-13,5;53.1
1882;2020/03/25  2:42:00;-13,6;53.1
1883;2020/03/25  2:43:00;-13,6;53.6
1884;2020/03/25  2:43:00;-13,6;53.6
1885;2020/03/25  2:44:00;-13,6;53.6
1886;2020/03/25  2:44:00;-13,7;53.6
1887;2020/03/25  2:45:00;-13,7;53.6
1888;2020/03/25  2:45:00;-13,7;53.6
1889;2020/03/25  2:46:00;-13,8;53.5
1890;2020/03/25  2:46:00;-13,8;54
1891;2020/03/25  2:47:00;-13,8;54
1892;2020/03/25  2:47:00;-13,8;54
1893;2020/03/25  2:48:00;-13,8;54
1894;2020/03/25  2:48:00;-13,8;54
1895;2020/03/25  2:49:00;-13,8;54
1896;2020/03/25  2:49:00;-13,9;54
1897;2020/03/25  2:50:00;-13,9;54.5
1898;2020/03/25  2:50:00;-13,9;54.5
1899;2020/03/25  2:51:00;-13,9;54.5
1900;2020/03/25  2:51:00;-14;54.5
1901;2020/03/25  2:52:00;-14;54
1902;2020/03/25  2:52:00;-14;54.4
1903;2020/03/25  2:53:00;-14;54.4
1904;2020/03/25  2:53:00;-14;54.4
1905;2020/03/25  2:54:00;-14,1;54.4
1906;2020/03/25  2:54:00;-14,1;54.9
1907;2020/03/25  2:55:00;-14,1;54.9
1908;2020/03/25  2:55:00;-14,1;54.9
1909;2020/03/25  2:56:00;-14,1;54.9
1910;2020/03/25  2:56:00;-14,2;54.9
1911;2020/03/25  2:57:00;-14,2;54.9
1912;2020/03/25  2:57:00;-14,2;54.9
1913;2020/03/25  2:58:00;-14,2;54.9
1914;2020/03/25  2:58:00;-14,3;54.9
1915;2020/03/25  2:59:00;-14,3;54.9
1916;2020/03/25  2:59:00;-14,3;54.9
1917;2020/03/25  3:00:00;-14,3;54.9
1918;2020/03/25  3:00:00;-14,3;54.9
1919;2020/03/25  3:01:00;-14,4;54.9
1920;2020/03/25  3:01:00;-14,4;55.4
1921;2020/03/25  3:02:00;-14,4;55.4
1922;2020/03/25  3:02:00;-14,4;54.9
1923;2020/03/25  3:03:00;-14,5;54.9
1924;2020/03/25  3:03:00;-14,5;54.9
1925;2020/03/25  3:04:00;-14,5;55.3
1926;2020/03/25  3:04:00;-14,5;55.3
1927;2020/03/25  3:05:00;-14,5;55.3
1928;2020/03/25  3:05:00;-14,5;55.3
1929;2020/03/25  3:06:00;-14,6;55.3
1930;2020/03/25  3:06:00;-14,6;55.3
1931;2020/03/25  3:07:00;-14,6;55.3
1932;2020/03/25  3:07:00;-14,6;55.3
1933;2020/03/25  3:08:00;-14,6;55.3
1934;2020/03/25  3:08:00;-14,6;55.3
1935;2020/03/25  3:09:00;-14,6;55.3
1936;2020/03/25  3:09:00;-14,6;55.3
1937;2020/03/25  3:10:00;-14,7;55.3
1938;2020/03/25  3:10:00;-14,7;55.3
1939;2020/03/25  3:11:00;-14,7;55.3
1940;2020/03/25  3:11:00;-14,8;55.7
1941;2020/03/25  3:12:00;-14,8;55.7
1942;2020/03/25  3:12:00;-14,8;55.8
1943;2020/03/25  3:13:00;-14,8;55.3
1944;2020/03/25  3:13:00;-14,8;55.3
1945;2020/03/25  3:14:00;-14,8;55.3
1946;2020/03/25  3:14:00;-14,8;55.3
1947;2020/03/25  3:15:00;-14,9;55.7
1948;2020/03/25  3:15:00;-14,9;55.3
1949;2020/03/25  3:16:00;-14,9;55.3
1950;2020/03/25  3:16:00;-15;55.3
1951;2020/03/25  3:17:00;-15;55.3
1952;2020/03/25  3:17:00;-15;55.2
1953;2020/03/25  3:18:00;-15;55.7
1954;2020/03/25  3:18:00;-15;55.7
1955;2020/03/25  3:19:00;-15,1;55.7
1956;2020/03/25  3:19:00;-15,1;55.7
1957;2020/03/25  3:20:00;-15,1;55.7
1958;2020/03/25  3:20:00;-15,1;55.7
1959;2020/03/25  3:21:00;-15,2;55.7
1960;2020/03/25  3:21:00;-15,2;55.7
1961;2020/03/25  3:22:00;-15,2;55.7
1962;2020/03/25  3:22:00;-15,2;55.7
1963;2020/03/25  3:23:00;-15,2;55.7
1964;2020/03/25  3:23:00;-15,2;55.7
1965;2020/03/25  3:24:00;-15,3;55.7
1966;2020/03/25  3:24:00;-15,3;55.7
1967;2020/03/25  3:25:00;-15,3;56.1
1968;2020/03/25  3:25:00;-15,3;56.1
1969;2020/03/25  3:26:00;-15,3;56.1
1970;2020/03/25  3:26:00;-15,4;56.1
1971;2020/03/25  3:27:00;-15,4;55.6
1972;2020/03/25  3:27:00;-15,2;55.6
1973;2020/03/25  3:28:00;-15;56.1
1974;2020/03/25  3:28:00;-14,9;56.1
1975;2020/03/25  3:29:00;-14,7;55.6
1976;2020/03/25  3:29:00;-14,6;55.7
1977;2020/03/25  3:30:00;-14,5;55.2
1978;2020/03/25  3:30:00;-14,4;55.2
1979;2020/03/25  3:31:00;-14,4;54.7
1980;2020/03/25  3:31:00;-14,4;55.2
1981;2020/03/25  3:32:00;-14,4;55.2
1982;2020/03/25  3:32:00;-14,5;53.9
1983;2020/03/25  3:33:00;-14,5;52.5
1984;2020/03/25  3:33:00;-14,4;50.6
1985;2020/03/25  3:34:00;-14,2;49.7
1986;2020/03/25  3:34:00;-14,1;49.2
1987;2020/03/25  3:35:00;-14;47.8
1988;2020/03/25  3:35:00;-13,9;46.9
1989;2020/03/25  3:36:00;-13,8;45.9
1990;2020/03/25  3:36:00;-13,7;44.9
1991;2020/03/25  3:37:00;-13,6;43.9
1992;2020/03/25  3:37:00;-13,6;44
1993;2020/03/25  3:38:00;-13,6;42.9
1994;2020/03/25  3:38:00;-13,6;42.9
1995;2020/03/25  3:39:00;-13,5;42.4
1996;2020/03/25  3:39:00;-13,3;41.9
1997;2020/03/25  3:40:00;-13,2;42.4
1998;2020/03/25  3:40:00;-13;42.9
1999;2020/03/25  3:41:00;-12,9;42.9
2000;2020/03/25  3:41:00;-12,8;42
2001;2020/03/25  3:42:00;-12,7;41
2002;2020/03/25  3:42:00;-12,6;39.3
2003;2020/03/25  3:43:00;-12,5;40.4
2004;2020/03/25  3:43:00;-12,4;39.9
2005;2020/03/25  3:44:00;-12,4;40.4
2006;2020/03/25  3:44:00;-12,3;40.9
2007;2020/03/25  3:45:00;-12,3;40.4
2008;2020/03/25  3:45:00;-12,3;40
2009;2020/03/25  3:46:00;-12,2;38.9
2010;2020/03/25  3:46:00;-12,1;38.9
2011;2020/03/25  3:47:00;-12,1;39.4
2012;2020/03/25  3:47:00;-12;40
2013;2020/03/25  3:48:00;-11,9;40
2014;2020/03/25  3:48:00;-11,8;39.5
2015;2020/03/25  3:49:00;-11,7;39.5
2016;2020/03/25  3:49:00;-11,6;39.5
2017;2020/03/25  3:50:00;-11,5;39.5
2018;2020/03/25  3:50:00;-11,4;38.9
2019;2020/03/25  3:51:00;-11,3;39
2020;2020/03/25  3:51:00;-11,2;37.9
2021;2020/03/25  3:52:00;-11,1;39
2022;2020/03/25  3:52:00;-11;39
2023;2020/03/25  3:53:00;-11;38.4
2024;2020/03/25  3:53:00;-11;40
2025;2020/03/25  3:54:00;-10,9;40
2026;2020/03/25  3:54:00;-10,9;39
2027;2020/03/25  3:55:00;-10,8;40
2028;2020/03/25  3:55:00;-10,7;40
2029;2020/03/25  3:56:00;-10,6;38.9
2030;2020/03/25  3:56:00;-10,5;40
2031;2020/03/25  3:57:00;-10,4;39.5
2032;2020/03/25  3:57:00;-10,3;41
2033;2020/03/25  3:58:00;-10,3;42.1
2034;2020/03/25  3:58:00;-10,2;41.6
2035;2020/03/25  3:59:00;-10,1;42.1
2036;2020/03/25  3:59:00;-10,1;42.1
2037;2020/03/25  4:00:00;-10;41.5
2038;2020/03/25  4:00:00;-9,9;43.2
2039;2020/03/25  4:01:00;-9,9;42.1
2040;2020/03/25  4:01:00;-9,8;42.6
2041;2020/03/25  4:02:00;-9,8;43.1
2042;2020/03/25  4:02:00;-9,7;42.1
2043;2020/03/25  4:03:00;-9,7;43.1
2044;2020/03/25  4:03:00;-9,6;43.2
2045;2020/03/25  4:04:00;-9,6;41
2046;2020/03/25  4:04:00;-9,5;43.1
2047;2020/03/25  4:05:00;-9,4;43.2
2048;2020/03/25  4:05:00;-9,3;43.1
2049;2020/03/25  4:06:00;-9,3;44.2
2050;2020/03/25  4:06:00;-9,2;42.1
2051;2020/03/25  4:07:00;-9,3;44.2
2052;2020/03/25  4:07:00;-9,2;43.7
2053;2020/03/25  4:08:00;-9,2;42
2054;2020/03/25  4:08:00;-9,2;44.1
2055;2020/03/25  4:09:00;-9,1;43.1
2056;2020/03/25  4:09:00;-9,1;44.6
2057;2020/03/25  4:10:00;-9,1;44.1
2058;2020/03/25  4:10:00;-9,1;45.2
2059;2020/03/25  4:11:00;-9,1;43
2060;2020/03/25  4:11:00;-9;41.3
2061;2020/03/25  4:12:00;-9;40.7
2062;2020/03/25  4:12:00;-9;46.6
2063;2020/03/25  4:13:00;-9;46
2064;2020/03/25  4:13:00;-9;46.5
2065;2020/03/25  4:14:00;-9;48.1
2066;2020/03/25  4:14:00;-9;46.5
2067;2020/03/25  4:15:00;-9;48.1
2068;2020/03/25  4:15:00;-9;44.9
2069;2020/03/25  4:16:00;-9;50.1
2070;2020/03/25  4:16:00;-9;49.6
2071;2020/03/25  4:17:00;-9;49.6
2072;2020/03/25  4:17:00;-9;51.1
2073;2020/03/25  4:18:00;-8,9;47
2074;2020/03/25  4:18:00;-8,9;51.1
2075;2020/03/25  4:19:00;-8,8;51.1
2076;2020/03/25  4:19:00;-8,8;49.6
2077;2020/03/25  4:20:00;-8,7;50.6
2078;2020/03/25  4:20:00;-8,7;50.6
2079;2020/03/25  4:21:00;-8,7;48.5
2080;2020/03/25  4:21:00;-8,7;50.1
2081;2020/03/25  4:22:00;-8,7;49.6
2082;2020/03/25  4:22:00;-8,7;47.5
2083;2020/03/25  4:23:00;-8,7;52.1
2084;2020/03/25  4:23:00;-8,7;52.6
2085;2020/03/25  4:24:00;-8,6;49.6
2086;2020/03/25  4:24:00;-8,5;50.1
2087;2020/03/25  4:25:00;-8,5;51.1
2088;2020/03/25  4:25:00;-8,5;51.1
2089;2020/03/25  4:26:00;-8,5;50.1
2090;2020/03/25  4:26:00;-8,6;51.1
2091;2020/03/25  4:27:00;-8,6;54.1
2092;2020/03/25  4:27:00;-8,7;54.1
2093;2020/03/25  4:28:00;-8,8;55.1
2094;2020/03/25  4:28:00;-8,9;53.1
2095;2020/03/25  4:29:00;-9;52.1
2096;2020/03/25  4:29:00;-9,1;54.6
2097;2020/03/25  4:30:00;-9,2;54.1
2098;2020/03/25  4:30:00;-9,3;52
2099;2020/03/25  4:31:00;-9,5;54
2100;2020/03/25  4:31:00;-9,5;52.6
2101;2020/03/25  4:32:00;-9,6;51.5
2102;2020/03/25  4:32:00;-9,7;53.5
2103;2020/03/25  4:33:00;-9,8;53.5
2104;2020/03/25  4:33:00;-9,8;53.5
2105;2020/03/25  4:34:00;-9,9;54
2106;2020/03/25  4:34:00;-10;51
2107;2020/03/25  4:35:00;-10,1;53
2108;2020/03/25  4:35:00;-10,1;53.5
2109;2020/03/25  4:36:00;-10,2;53.5
2110;2020/03/25  4:36:00;-10,3;53.9
2111;2020/03/25  4:37:00;-10,3;53.9
2112;2020/03/25  4:37:00;-10,3;51.9
2113;2020/03/25  4:38:00;-10,4;52.9
2114;2020/03/25  4:38:00;-10,5;53.4
2115;2020/03/25  4:39:00;-10,5;53.8
2116;2020/03/25  4:39:00;-10,6;53.8
2117;2020/03/25  4:40:00;-10,6;53.8
2118;2020/03/25  4:40:00;-10,7;53.8
2119;2020/03/25  4:41:00;-10,7;53.8
2120;2020/03/25  4:41:00;-10,8;53.8
2121;2020/03/25  4:42:00;-10,8;52.8
2122;2020/03/25  4:42:00;-10,9;53.7
2123;2020/03/25  4:43:00;-10,9;53.7
2124;2020/03/25  4:43:00;-10,9;54.2
2125;2020/03/25  4:44:00;-11;54.2
2126;2020/03/25  4:44:00;-11;54.7
2127;2020/03/25  4:45:00;-11;54.2
2128;2020/03/25  4:45:00;-11;52.7
2129;2020/03/25  4:46:00;-11,1;53.7
2130;2020/03/25  4:46:00;-11,1;54.2
2131;2020/03/25  4:47:00;-11,1;54.2
2132;2020/03/25  4:47:00;-11,2;54.7
2133;2020/03/25  4:48:00;-11,2;54.7
2134;2020/03/25  4:48:00;-11,2;54.7
2135;2020/03/25  4:49:00;-11,3;53.7
2136;2020/03/25  4:49:00;-11,3;53.7
2137;2020/03/25  4:50:00;-11,3;54.2
2138;2020/03/25  4:50:00;-11,4;54.2
2139;2020/03/25  4:51:00;-11,4;54.2
2140;2020/03/25  4:51:00;-11,4;54.7
2141;2020/03/25  4:52:00;-11,5;53.7
2142;2020/03/25  4:52:00;-11,5;53.7
2143;2020/03/25  4:53:00;-11,6;54.7
2144;2020/03/25  4:53:00;-11,6;54.2
2145;2020/03/25  4:54:00;-11,6;54.7
2146;2020/03/25  4:54:00;-11,6;54.7
2147;2020/03/25  4:55:00;-11,7;54.7
2148;2020/03/25  4:55:00;-11,7;54.7
2149;2020/03/25  4:56:00;-11,7;54.7
2150;2020/03/25  4:56:00;-11,8;54.7
2151;2020/03/25  4:57:00;-11,8;54.2
2152;2020/03/25  4:57:00;-11,8;54.7
2153;2020/03/25  4:58:00;-11,8;54.7
2154;2020/03/25  4:58:00;-11,9;54.7
2155;2020/03/25  4:59:00;-11,9;54.7
2156;2020/03/25  4:59:00;-11,9;54.7
2157;2020/03/25  5:00:00;-12;53.7
2158;2020/03/25  5:00:00;-12;54.6
2159;2020/03/25  5:01:00;-12;55.1
2160;2020/03/25  5:01:00;-12;55.6
2161;2020/03/25  5:02:00;-12,1;55.1
2162;2020/03/25  5:02:00;-12,1;55.1
2163;2020/03/25  5:03:00;-12,1;55.2
2164;2020/03/25  5:03:00;-12,1;53.7
2165;2020/03/25  5:04:00;-12,2;54.6
2166;2020/03/25  5:04:00;-12,2;54.6
2167;2020/03/25  5:05:00;-12,2;54.6
2168;2020/03/25  5:05:00;-12,3;55.1
2169;2020/03/25  5:06:00;-12,3;55.1
2170;2020/03/25  5:06:00;-12,3;54.7
2171;2020/03/25  5:07:00;-12,3;54.7
2172;2020/03/25  5:07:00;-12,3;54.7
2173;2020/03/25  5:08:00;-12,4;54.2
2174;2020/03/25  5:08:00;-12,4;54.6
2175;2020/03/25  5:09:00;-12,5;55.1
2176;2020/03/25  5:09:00;-12,5;55.1
2177;2020/03/25  5:10:00;-12,5;54.7
2178;2020/03/25  5:10:00;-12,5;54.7
2179;2020/03/25  5:11:00;-12,6;54.7
2180;2020/03/25  5:11:00;-12,6;54.7
2181;2020/03/25  5:12:00;-12,6;54.6
2182;2020/03/25  5:12:00;-12,7;54.7
2183;2020/03/25  5:13:00;-12,7;54.7
2184;2020/03/25  5:13:00;-12,7;53.7
2185;2020/03/25  5:14:00;-12,7;54.1
2186;2020/03/25  5:14:00;-12,7;54.6
2187;2020/03/25  5:15:00;-12,8;54.6
2188;2020/03/25  5:15:00;-12,8;54.6
2189;2020/03/25  5:16:00;-12,8;55.1
2190;2020/03/25  5:16:00;-12,9;54.6
2191;2020/03/25  5:17:00;-12,9;54.6
2192;2020/03/25  5:17:00;-12,9;54.6
2193;2020/03/25  5:18:00;-13;54.7
2194;2020/03/25  5:18:00;-13;54.6
2195;2020/03/25  5:19:00;-13;54.6
2196;2020/03/25  5:19:00;-13;54.6
2197;2020/03/25  5:20:00;-13;55.1
2198;2020/03/25  5:20:00;-13;54.6
2199;2020/03/25  5:21:00;-13,1;54.6
2200;2020/03/25  5:21:00;-13,1;54.7
2201;2020/03/25  5:22:00;-13,1;54.6
2202;2020/03/25  5:22:00;-13,1;54.6
2203;2020/03/25  5:23:00;-13,2;54.6
2204;2020/03/25  5:23:00;-13,2;54.6
2205;2020/03/25  5:24:00;-13,2;54.6
2206;2020/03/25  5:24:00;-13,2;54.7
2207;2020/03/25  5:25:00;-13,2;53.7
2208;2020/03/25  5:25:00;-13,3;54.6
2209;2020/03/25  5:26:00;-13,3;54.6
2210;2020/03/25  5:26:00;-13,3;54.6
2211;2020/03/25  5:27:00;-13,3;54.6
2212;2020/03/25  5:27:00;-13,3;54.6
2213;2020/03/25  5:28:00;-13,4;54.6
2214;2020/03/25  5:28:00;-13,4;54.6
2215;2020/03/25  5:29:00;-13,4;54.2
2216;2020/03/25  5:29:00;-13,4;54.2
2217;2020/03/25  5:30:00;-13,4;54.1
2218;2020/03/25  5:30:00;-13,4;54.6
2219;2020/03/25  5:31:00;-13,5;54.2
2220;2020/03/25  5:31:00;-13,5;54.2
2221;2020/03/25  5:32:00;-13,5;54.2
2222;2020/03/25  5:32:00;-13,5;54.2
2223;2020/03/25  5:33:00;-13,6;54.2
2224;2020/03/25  5:33:00;-13,6;54.2
2225;2020/03/25  5:34:00;-13,6;54.2
2226;2020/03/25  5:34:00;-13,7;54.2
2227;2020/03/25  5:35:00;-13,7;54.2
2228;2020/03/25  5:35:00;-13,7;54.2
2229;2020/03/25  5:36:00;-13,7;53.7
2230;2020/03/25  5:36:00;-13,8;53.7
2231;2020/03/25  5:37:00;-13,8;54.2
2232;2020/03/25  5:37:00;-13,8;53.7
2233;2020/03/25  5:38:00;-13,8;54.2
2234;2020/03/25  5:38:00;-13,8;53.7
2235;2020/03/25  5:39:00;-13,8;53.7
2236;2020/03/25  5:39:00;-13,8;53.2
2237;2020/03/25  5:40:00;-13,9;53.7
2238;2020/03/25  5:40:00;-13,9;53.6
2239;2020/03/25  5:41:00;-13,9;53.6
2240;2020/03/25  5:41:00;-14;53.6
2241;2020/03/25  5:42:00;-14;53.6
2242;2020/03/25  5:42:00;-14;53.7
2243;2020/03/25  5:43:00;-14;53.2
2244;2020/03/25  5:43:00;-14;53.2
2245;2020/03/25  5:44:00;-14,1;53.2
2246;2020/03/25  5:44:00;-14,1;53.1
2247;2020/03/25  5:45:00;-14,1;53.6
2248;2020/03/25  5:45:00;-14,1;53.1
2249;2020/03/25  5:46:00;-14,1;53.1
2250;2020/03/25  5:46:00;-14,1;52.6
2251;2020/03/25  5:47:00;-14,1;53.1
2252;2020/03/25  5:47:00;-14,2;53.1
2253;2020/03/25  5:48:00;-14,2;53.6
2254;2020/03/25  5:48:00;-14,2;53.1
2255;2020/03/25  5:49:00;-14,2;53.1
2256;2020/03/25  5:49:00;-14,2;53.1
2257;2020/03/25  5:50:00;-14,2;52.6
2258;2020/03/25  5:50:00;-14,2;53.1
2259;2020/03/25  5:51:00;-14,2;53.1
2260;2020/03/25  5:51:00;-14,3;53.1
2261;2020/03/25  5:52:00;-14,3;53.6
2262;2020/03/25  5:52:00;-14,3;53.1
2263;2020/03/25  5:53:00;-14,2;53.1
2264;2020/03/25  5:53:00;-14,2;53.1
2265;2020/03/25  5:54:00;-14,2;53.6
2266;2020/03/25  5:54:00;-14,2;54.1
2267;2020/03/25  5:55:00;-14,2;54.1
2268;2020/03/25  5:55:00;-14,2;54.5
2269;2020/03/25  5:56:00;-14,2;55
2270;2020/03/25  5:56:00;-14,2;55
2271;2020/03/25  5:57:00;-14,2;54.5
2272;2020/03/25  5:57:00;-14,1;53.6
2273;2020/03/25  5:58:00;-14,1;53.1
2274;2020/03/25  5:58:00;-14,1;52.6
2275;2020/03/25  5:59:00;-14,1;52.6
2276;2020/03/25  5:59:00;-14,1;51.6
2277;2020/03/25  6:00:00;-14,1;51.7
2278;2020/03/25  6:00:00;-14;51.2
2279;2020/03/25  6:01:00;-14;50.7
2280;2020/03/25  6:01:00;-14;50.2
2281;2020/03/25  6:02:00;-14;49.7
2282;2020/03/25  6:02:00;-13,9;49.7
2283;2020/03/25  6:03:00;-13,9;49.2
2284;2020/03/25  6:03:00;-13,8;48.7
2285;2020/03/25  6:04:00;-13,7;48.7
2286;2020/03/25  6:04:00;-13,6;48.8
2287;2020/03/25  6:05:00;-13,6;48.8
2288;2020/03/25  6:05:00;-13,5;48.8
2289;2020/03/25  6:06:00;-13,5;48.3
2290;2020/03/25  6:06:00;-13,4;47.8
2291;2020/03/25  6:07:00;-13,4;47.8
2292;2020/03/25  6:07:00;-13,3;46.7
2293;2020/03/25  6:08:00;-11,7;46.7
2294;2020/03/25  6:08:00;-11,5;46.7
2295;2020/03/25  6:09:00;-11,3;47.3
2296;2020/03/25  6:09:00;-11,3;46.8
2297;2020/03/25  6:10:00;-11,4;45.8
2298;2020/03/25  6:10:00;-11,5;46.9
2299;2020/03/25  6:11:00;-11,5;45.9
2300;2020/03/25  6:11:00;-11,4;45.9
2301;2020/03/25  6:12:00;-11,5;45.9
2302;2020/03/25  6:12:00;-11,5;46
2303;2020/03/25  6:13:00;-11,5;45.4
2304;2020/03/25  6:13:00;-11,5;45.4
2305;2020/03/25  6:14:00;-11,2;43.9
2306;2020/03/25  6:14:00;-11;45.4
2307;2020/03/25  6:15:00;-10,6;45.4
2308;2020/03/25  6:15:00;-10,4;45.5
2309;2020/03/25  6:16:00;-10,2;45.5
2310;2020/03/25  6:16:00;-10;45.5
2311;2020/03/25  6:17:00;-9,8;45
2312;2020/03/25  6:17:00;-9,7;45.5
2313;2020/03/25  6:18:00;-9,6;47.1
2314;2020/03/25  6:18:00;-9,4;46.5
2315;2020/03/25  6:19:00;-9,3;46
2316;2020/03/25  6:19:00;-9,1;46
2317;2020/03/25  6:20:00;-9;46
2318;2020/03/25  6:20:00;-9;43.9
2319;2020/03/25  6:21:00;-9;45
2320;2020/03/25  6:21:00;-9;44.5
2321;2020/03/25  6:22:00;-9;42.9
2322;2020/03/25  6:22:00;-9;45
2323;2020/03/25  6:23:00;-8,9;44
2324;2020/03/25  6:23:00;-8,8;42.9
2325;2020/03/25  6:24:00;-8,8;44
2326;2020/03/25  6:24:00;-8,7;45
2327;2020/03/25  6:25:00;-8,7;44.5
2328;2020/03/25  6:25:00;-8,7;46
2329;2020/03/25  6:26:00;-8,6;46
2330;2020/03/25  6:26:00;-8,5;47
2331;2020/03/25  6:27:00;-8,5;48
2332;2020/03/25  6:27:00;-8,5;48.5
2333;2020/03/25  6:28:00;-8,5;49
2334;2020/03/25  6:28:00;-8,5;49.5
2335;2020/03/25  6:29:00;-8,5;49.5
2336;2020/03/25  6:29:00;-8,4;49
2337;2020/03/25  6:30:00;-8,4;49
2338;2020/03/25  6:30:00;-8,3;49
2339;2020/03/25  6:31:00;-8,3;49
2340;2020/03/25  6:31:00;-8,3;49
2341;2020/03/25  6:32:00;-8,2;49
2342;2020/03/25  6:32:00;-8,1;49.5
2343;2020/03/25  6:33:00;-8,1;49.5
2344;2020/03/25  6:33:00;-8;49.5
2345;2020/03/25  6:34:00;-8;50
2346;2020/03/25  6:34:00;-7,9;50
2347;2020/03/25  6:35:00;-7,9;50
2348;2020/03/25  6:35:00;-7,8;50
2349;2020/03/25  6:36:00;-7,8;50
2350;2020/03/25  6:36:00;-7,7;50
2351;2020/03/25  6:37:00;-7,7;50
2352;2020/03/25  6:37:00;-7,6;50
2353;2020/03/25  6:38:00;-7,6;50
2354;2020/03/25  6:38:00;-7,6;50
2355;2020/03/25  6:39:00;-7,6;50
2356;2020/03/25  6:39:00;-7,5;50
2357;2020/03/25  6:40:00;-7,5;50.1
2358;2020/03/25  6:40:00;-7,4;50.1
2359;2020/03/25  6:41:00;-7,4;50.1
2360;2020/03/25  6:41:00;-7,3;50.1
2361;2020/03/25  6:42:00;-7,3;47
2362;2020/03/25  6:42:00;-7;45.9
2363;2020/03/25  6:43:00;-6,4;46
