RC-4HC Temperature+Humidity Data Logger;;;
User Information;RC-4HC Data Logger;;
Number;V383;;
Interval    ;0:5:0 H:M:S;;
Delay Time;0.0 H;;
Data Sum;1905-10-13 00:00:00;;
Temperature Maximum;25.2°C;;
Temperature Minimum;20.7°C;;
Temperature Average;21.1°C;;
Temperature Alarm Upper Limit;60.0°C;;
Temperature Alarm Lower Limit;-30.0°C;;
Humidity Maximum;53.5%RH;;
Humidity Minimum;39.8%RH;;
Humidity Average;49.1%RH;;
Humidity Alarm Upper Limit;90%RH;;
Humidity Alarm Lower Limit;20%RH;;
Start Time;2022-03-03 13:27:25;;
End Time;2022-03-10 21:27:25;;
Date Format;yyyy-MM-dd HH:mm:ss;;
Temperature Unit;°C;;
Number;Time;Temperature°C;Humidity%RH
1;2022-03-03 13:27:25;22.7;49.1
2;2022-03-03 13:32:25;23.1;45
3;2022-03-03 13:37:25;22.3;46
4;2022-03-03 13:42:25;21.9;46.4
5;2022-03-03 13:47:25;21.6;46.9
6;2022-03-03 13:52:25;21.5;46.9
7;2022-03-03 13:57:25;21.3;47.4
8;2022-03-03 14:02:25;21.2;47.9
9;2022-03-03 14:07:25;21.2;47.9
10;2022-03-03 14:12:25;21.1;47.9
11;2022-03-03 14:17:25;21.1;48.4
12;2022-03-03 14:22:25;21.1;48.4
13;2022-03-03 14:27:25;21.1;48.9
14;2022-03-03 14:32:25;21.1;48.9
15;2022-03-03 14:37:25;21.1;48.9
16;2022-03-03 14:42:25;21.1;49.4
17;2022-03-03 14:47:25;21.1;49.9
18;2022-03-03 14:52:25;21.1;48.9
19;2022-03-03 14:57:25;21.1;48.9
20;2022-03-03 15:02:25;21.1;48.9
21;2022-03-03 15:07:25;21.1;48.9
22;2022-03-03 15:12:25;21.1;48.9
23;2022-03-03 15:17:25;21.1;48.9
24;2022-03-03 15:22:25;21.1;48.9
25;2022-03-03 15:27:25;21.1;48.9
26;2022-03-03 15:32:25;21.1;48.9
27;2022-03-03 15:37:25;21.1;48.9
28;2022-03-03 15:42:25;21.1;48.4
29;2022-03-03 15:47:25;21.1;48.4
30;2022-03-03 15:52:25;21.1;48.9
31;2022-03-03 15:57:25;21.1;48.4
32;2022-03-03 16:02:25;21.1;48.9
33;2022-03-03 16:07:25;21.1;48.9
34;2022-03-03 16:12:25;21.1;48.4
35;2022-03-03 16:17:25;21.1;48.4
36;2022-03-03 16:22:25;21.1;47.9
37;2022-03-03 16:27:25;21.1;47.9
38;2022-03-03 16:32:25;21;47.9
39;2022-03-03 16:37:25;21;47.4
40;2022-03-03 16:42:25;21;47.4
41;2022-03-03 16:47:25;21;47.4
42;2022-03-03 16:52:25;21.1;47.4
43;2022-03-03 16:57:25;21.1;47.9
44;2022-03-03 17:02:25;21.1;47.9
45;2022-03-03 17:07:25;21.1;47.9
46;2022-03-03 17:12:25;21.1;47.9
47;2022-03-03 17:17:25;21.1;47.9
48;2022-03-03 17:22:25;21.1;47.9
49;2022-03-03 17:27:25;21.1;47.9
50;2022-03-03 17:32:25;21.1;47.4
51;2022-03-03 17:37:25;21;46.9
52;2022-03-03 17:42:25;21;46.8
53;2022-03-03 17:47:25;21;46.9
54;2022-03-03 17:52:25;21;46.3
55;2022-03-03 17:57:25;21;46.3
56;2022-03-03 18:02:25;21;45.8
57;2022-03-03 18:07:25;21;45.8
58;2022-03-03 18:12:25;21;45.8
59;2022-03-03 18:17:25;21;45.8
60;2022-03-03 18:22:25;21;45.8
61;2022-03-03 18:27:25;21;45.3
62;2022-03-03 18:32:25;21;45.3
63;2022-03-03 18:37:25;21;44.8
64;2022-03-03 18:42:25;21;44.8
65;2022-03-03 18:47:25;21;44.8
66;2022-03-03 18:52:25;21;44.8
67;2022-03-03 18:57:25;21;44.8
68;2022-03-03 19:02:25;21;44.8
69;2022-03-03 19:07:25;21;44.2
70;2022-03-03 19:12:25;21;44.2
71;2022-03-03 19:17:25;21;44.2
72;2022-03-03 19:22:25;21;44.2
73;2022-03-03 19:27:25;21;43.7
74;2022-03-03 19:32:25;21;43.7
75;2022-03-03 19:37:25;21;44.8
76;2022-03-03 19:42:25;21;44.8
77;2022-03-03 19:47:25;21;44.8
78;2022-03-03 19:52:25;21;44.8
79;2022-03-03 19:57:25;21;45.3
80;2022-03-03 20:02:25;21;44.8
81;2022-03-03 20:07:25;21;44.8
82;2022-03-03 20:12:25;21;44.2
83;2022-03-03 20:17:25;21;44.8
84;2022-03-03 20:22:25;21;44.8
85;2022-03-03 20:27:25;20.9;44.8
86;2022-03-03 20:32:25;21;44.8
87;2022-03-03 20:37:25;20.9;45.3
88;2022-03-03 20:42:25;20.9;44.8
89;2022-03-03 20:47:25;20.9;45.3
90;2022-03-03 20:52:25;20.9;45.3
91;2022-03-03 20:57:25;21;45.8
92;2022-03-03 21:02:25;21;46.8
93;2022-03-03 21:07:25;21;46.8
94;2022-03-03 21:12:25;21;46.8
95;2022-03-03 21:17:25;21;46.8
96;2022-03-03 21:22:25;21;46.8
97;2022-03-03 21:27:25;21;46.8
98;2022-03-03 21:32:25;21;46.8
99;2022-03-03 21:37:25;21;47.9
100;2022-03-03 21:42:25;21;47.9
101;2022-03-03 21:47:25;21;47.9
102;2022-03-03 21:52:25;21.1;48.4
103;2022-03-03 21:57:25;21.1;48.4
104;2022-03-03 22:02:25;21.1;48.9
105;2022-03-03 22:07:25;21.1;48.9
106;2022-03-03 22:12:25;21.1;48.9
107;2022-03-03 22:17:25;21.1;48.9
108;2022-03-03 22:22:25;21.1;49.4
109;2022-03-03 22:27:25;21.1;49.4
110;2022-03-03 22:32:25;21.1;49.4
111;2022-03-03 22:37:25;21.1;49.4
112;2022-03-03 22:42:25;21.1;49.9
113;2022-03-03 22:47:25;21.1;49.9
114;2022-03-03 22:52:25;21.1;49.9
115;2022-03-03 22:57:25;21.1;49.9
116;2022-03-03 23:02:25;21.1;49.9
117;2022-03-03 23:07:25;21.1;49.9
118;2022-03-03 23:12:25;21.1;49.9
119;2022-03-03 23:17:25;21.1;49.9
120;2022-03-03 23:22:25;21.1;50.5
121;2022-03-03 23:27:25;21.1;50.5
122;2022-03-03 23:32:25;21.1;50.5
123;2022-03-03 23:37:25;21.1;50.5
124;2022-03-03 23:42:25;21.1;50.5
125;2022-03-03 23:47:25;21.1;50.5
126;2022-03-03 23:52:25;21.1;51
127;2022-03-03 23:57:25;21.1;50.5
128;2022-03-04 00:02:25;21.1;51
129;2022-03-04 00:07:25;21.1;51
130;2022-03-04 00:12:25;21.1;51
131;2022-03-04 00:17:25;21.1;51
132;2022-03-04 00:22:25;21.1;51
133;2022-03-04 00:27:25;21.1;51
134;2022-03-04 00:32:25;21.1;51
135;2022-03-04 00:37:25;21.1;51
136;2022-03-04 00:42:25;21.1;51
137;2022-03-04 00:47:25;21.1;51
138;2022-03-04 00:52:25;21.1;51
139;2022-03-04 00:57:25;21.1;51
140;2022-03-04 01:02:25;21.1;51
141;2022-03-04 01:07:25;21.1;51
142;2022-03-04 01:12:25;21.1;51
143;2022-03-04 01:17:25;21.1;51
144;2022-03-04 01:22:25;21.2;51.5
145;2022-03-04 01:27:25;21.2;51
146;2022-03-04 01:32:25;21.2;51.5
147;2022-03-04 01:37:25;21.2;51.5
148;2022-03-04 01:42:25;21.2;51.5
149;2022-03-04 01:47:25;21.2;51.5
150;2022-03-04 01:52:25;21.2;51.5
151;2022-03-04 01:57:25;21.2;51.5
152;2022-03-04 02:02:25;21.2;51.5
153;2022-03-04 02:07:25;21.2;51.5
154;2022-03-04 02:12:25;21.2;51.5
155;2022-03-04 02:17:25;21.2;51.5
156;2022-03-04 02:22:25;21.2;51.5
157;2022-03-04 02:27:25;21.2;51.5
158;2022-03-04 02:32:25;21.2;51.5
159;2022-03-04 02:37:25;21.2;51.5
160;2022-03-04 02:42:25;21.2;51.5
161;2022-03-04 02:47:25;21.2;52
162;2022-03-04 02:52:25;21.2;52
163;2022-03-04 02:57:25;21.2;52
164;2022-03-04 03:02:25;21.2;52
165;2022-03-04 03:07:25;21.2;52
166;2022-03-04 03:12:25;21.2;52
167;2022-03-04 03:17:25;21.2;52
168;2022-03-04 03:22:25;21.2;52
169;2022-03-04 03:27:25;21.2;52
170;2022-03-04 03:32:25;21.2;52
171;2022-03-04 03:37:25;21.2;52
172;2022-03-04 03:42:25;21.2;52
173;2022-03-04 03:47:25;21.2;52
174;2022-03-04 03:52:25;21.2;52
175;2022-03-04 03:57:25;21.2;52
176;2022-03-04 04:02:25;21.2;52
177;2022-03-04 04:07:25;21.2;52
178;2022-03-04 04:12:25;21.2;52
179;2022-03-04 04:17:25;21.2;52
180;2022-03-04 04:22:25;21.2;52
181;2022-03-04 04:27:25;21.2;52
182;2022-03-04 04:32:25;21.2;52
183;2022-03-04 04:37:25;21.2;52
184;2022-03-04 04:42:25;21.2;52
185;2022-03-04 04:47:25;21.2;52
186;2022-03-04 04:52:25;21.2;52
187;2022-03-04 04:57:25;21.2;52
188;2022-03-04 05:02:25;21.2;52
189;2022-03-04 05:07:25;21.2;52
190;2022-03-04 05:12:25;21.2;52
191;2022-03-04 05:17:25;21.2;52
192;2022-03-04 05:22:25;21.2;52
193;2022-03-04 05:27:25;21.2;52
194;2022-03-04 05:32:25;21.2;52
195;2022-03-04 05:37:25;21.2;52
196;2022-03-04 05:42:25;21.2;52
197;2022-03-04 05:47:25;21.2;52.5
198;2022-03-04 05:52:25;21.2;52.5
199;2022-03-04 05:57:25;21.2;52
200;2022-03-04 06:02:25;21.2;52.5
201;2022-03-04 06:07:25;21.2;52.5
202;2022-03-04 06:12:25;21.2;52.5
203;2022-03-04 06:17:25;21.2;52.5
204;2022-03-04 06:22:25;21.2;52.5
205;2022-03-04 06:27:25;21.2;52.5
206;2022-03-04 06:32:25;21.2;52.5
207;2022-03-04 06:37:25;21.2;52
208;2022-03-04 06:42:25;21.2;52.5
209;2022-03-04 06:47:25;21.2;52
210;2022-03-04 06:52:25;21.2;52
211;2022-03-04 06:57:25;21.2;52
212;2022-03-04 07:02:25;21.2;52
213;2022-03-04 07:07:25;21.2;52
214;2022-03-04 07:12:25;21.1;52
215;2022-03-04 07:17:25;21.1;52
216;2022-03-04 07:22:25;21.1;52
217;2022-03-04 07:27:25;21.1;52
218;2022-03-04 07:32:25;21.1;52
219;2022-03-04 07:37:25;21.1;52
220;2022-03-04 07:42:25;21.1;52
221;2022-03-04 07:47:25;21.1;52
222;2022-03-04 07:52:25;21.1;52
223;2022-03-04 07:57:25;21.1;52
224;2022-03-04 08:02:25;21.1;52
225;2022-03-04 08:07:25;21.1;52
226;2022-03-04 08:12:25;21.1;51.5
227;2022-03-04 08:17:25;21.1;51.5
228;2022-03-04 08:22:25;21.1;51.5
229;2022-03-04 08:27:25;21.1;51.5
230;2022-03-04 08:32:25;21.1;51.5
231;2022-03-04 08:37:25;21.1;51.5
232;2022-03-04 08:42:25;21.1;51.5
233;2022-03-04 08:47:25;21.1;52
234;2022-03-04 08:52:25;21.1;52
235;2022-03-04 08:57:25;21.1;52
236;2022-03-04 09:02:25;21.1;52
237;2022-03-04 09:07:25;21.2;52
238;2022-03-04 09:12:25;21.2;52.5
239;2022-03-04 09:17:25;21.2;52.5
240;2022-03-04 09:22:25;21.2;52.5
241;2022-03-04 09:27:25;21.1;52.5
242;2022-03-04 09:32:25;21.1;52.5
243;2022-03-04 09:37:25;21.1;52.5
244;2022-03-04 09:42:25;21.1;53
245;2022-03-04 09:47:25;21.1;53
246;2022-03-04 09:52:25;21.2;53
247;2022-03-04 09:57:25;21.2;53
248;2022-03-04 10:02:25;21.2;53
249;2022-03-04 10:07:25;21.2;53
250;2022-03-04 10:12:25;21.2;53
251;2022-03-04 10:17:25;21.2;53
252;2022-03-04 10:22:25;21.2;53
253;2022-03-04 10:27:25;21.2;53
254;2022-03-04 10:32:25;21.2;53
255;2022-03-04 10:37:25;21.2;53
256;2022-03-04 10:42:25;21.2;53
257;2022-03-04 10:47:25;21.2;53
258;2022-03-04 10:52:25;21.2;53
259;2022-03-04 10:57:25;21.2;53
260;2022-03-04 11:02:25;21.2;53
261;2022-03-04 11:07:25;21.2;53
262;2022-03-04 11:12:25;21.2;53
263;2022-03-04 11:17:25;21.2;53.5
264;2022-03-04 11:22:25;21.2;53.5
265;2022-03-04 11:27:25;21.2;53
266;2022-03-04 11:32:25;21.2;53
267;2022-03-04 11:37:25;21.1;53
268;2022-03-04 11:42:25;21.1;53
269;2022-03-04 11:47:25;21.1;52.5
270;2022-03-04 11:52:25;21.1;52.5
271;2022-03-04 11:57:25;21.1;52
272;2022-03-04 12:02:25;21.1;52
273;2022-03-04 12:07:25;21.1;52
274;2022-03-04 12:12:25;21.1;51
275;2022-03-04 12:17:25;21.1;51
276;2022-03-04 12:22:25;21.1;51
277;2022-03-04 12:27:25;21.1;51.5
278;2022-03-04 12:32:25;21.1;51.5
279;2022-03-04 12:37:25;21.1;51.5
280;2022-03-04 12:42:25;21.1;51
281;2022-03-04 12:47:25;21.1;49.9
282;2022-03-04 12:52:25;21.1;49.9
283;2022-03-04 12:57:25;21.1;49.9
284;2022-03-04 13:02:25;21.1;49.9
285;2022-03-04 13:07:25;21.1;49.9
286;2022-03-04 13:12:25;21.1;49.4
287;2022-03-04 13:17:25;21.1;49.4
288;2022-03-04 13:22:25;21.1;48.9
289;2022-03-04 13:27:25;21.1;48.9
290;2022-03-04 13:32:25;21.1;48.9
291;2022-03-04 13:37:25;21.1;48.4
292;2022-03-04 13:42:25;21;47.9
293;2022-03-04 13:47:25;21;47.9
294;2022-03-04 13:52:25;21.1;47.9
295;2022-03-04 13:57:25;21.1;47.9
296;2022-03-04 14:02:25;21.1;47.9
297;2022-03-04 14:07:25;21.1;47.9
298;2022-03-04 14:12:25;21.1;47.9
299;2022-03-04 14:17:25;21.1;47.9
300;2022-03-04 14:22:25;21.1;47.9
301;2022-03-04 14:27:25;21.1;47.9
302;2022-03-04 14:32:25;21.1;47.9
303;2022-03-04 14:37:25;21.1;47.9
304;2022-03-04 14:42:25;21.1;47.9
305;2022-03-04 14:47:25;21.1;47.9
306;2022-03-04 14:52:25;21.1;47.4
307;2022-03-04 14:57:25;21.1;47.9
308;2022-03-04 15:02:25;21.1;47.9
309;2022-03-04 15:07:25;21.1;47.9
310;2022-03-04 15:12:25;21.1;48.4
311;2022-03-04 15:17:25;21.1;48.4
312;2022-03-04 15:22:25;21.1;48.4
313;2022-03-04 15:27:25;21.1;48.9
314;2022-03-04 15:32:25;21.1;48.9
315;2022-03-04 15:37:25;21.1;48.9
316;2022-03-04 15:42:25;21.1;48.9
317;2022-03-04 15:47:25;21.1;49.4
318;2022-03-04 15:52:25;21.1;49.4
319;2022-03-04 15:57:25;21.2;50
320;2022-03-04 16:02:25;21.2;49.9
321;2022-03-04 16:07:25;21.2;50
322;2022-03-04 16:12:25;21.1;50
323;2022-03-04 16:17:25;21.1;49.4
324;2022-03-04 16:22:25;21.1;49.4
325;2022-03-04 16:27:25;21.1;49.4
326;2022-03-04 16:32:25;21.1;48.9
327;2022-03-04 16:37:25;21.1;48.9
328;2022-03-04 16:42:25;21.1;48.9
329;2022-03-04 16:47:25;21.1;48.9
330;2022-03-04 16:52:25;21.1;48.9
331;2022-03-04 16:57:25;21.1;48.9
332;2022-03-04 17:02:25;21.1;48.9
333;2022-03-04 17:07:25;21.1;48.9
334;2022-03-04 17:12:25;21.1;48.9
335;2022-03-04 17:17:25;21.2;48.9
336;2022-03-04 17:22:25;21.2;49.4
337;2022-03-04 17:27:25;21.2;48.9
338;2022-03-04 17:32:25;21.2;48.9
339;2022-03-04 17:37:25;21.2;48.9
340;2022-03-04 17:42:25;21.2;48.9
341;2022-03-04 17:47:25;21.2;48.9
342;2022-03-04 17:52:25;21.2;48.9
343;2022-03-04 17:57:25;21.2;48.4
344;2022-03-04 18:02:25;21.1;47.9
345;2022-03-04 18:07:25;21.1;47.9
346;2022-03-04 18:12:25;21.1;47.4
347;2022-03-04 18:17:25;21.1;46.9
348;2022-03-04 18:22:25;21.1;46.9
349;2022-03-04 18:27:25;21.1;46.9
350;2022-03-04 18:32:25;21.1;46.3
351;2022-03-04 18:37:25;21.1;46.3
352;2022-03-04 18:42:25;21.1;45.8
353;2022-03-04 18:47:25;21.1;45.8
354;2022-03-04 18:52:25;21.1;45.8
355;2022-03-04 18:57:25;21.1;45.8
356;2022-03-04 19:02:25;21.1;45.3
357;2022-03-04 19:07:25;21.1;45.3
358;2022-03-04 19:12:25;21.1;44.8
359;2022-03-04 19:17:25;21.1;44.8
360;2022-03-04 19:22:25;21;44.8
361;2022-03-04 19:27:25;21;44.8
362;2022-03-04 19:32:25;21;44.8
363;2022-03-04 19:37:25;21;44.8
364;2022-03-04 19:42:25;21;44.8
365;2022-03-04 19:47:25;21;44.2
366;2022-03-04 19:52:25;21;44.2
367;2022-03-04 19:57:25;21;44.2
368;2022-03-04 20:02:25;21;44.8
369;2022-03-04 20:07:25;21;44.8
370;2022-03-04 20:12:25;21;44.8
371;2022-03-04 20:17:25;21;45.3
372;2022-03-04 20:22:25;21;45.3
373;2022-03-04 20:27:25;21;45.3
374;2022-03-04 20:32:25;21;45.3
375;2022-03-04 20:37:25;21;44.8
376;2022-03-04 20:42:25;21;44.8
377;2022-03-04 20:47:25;21;44.8
378;2022-03-04 20:52:25;21;44.8
379;2022-03-04 20:57:25;21;44.8
380;2022-03-04 21:02:25;21;44.8
381;2022-03-04 21:07:25;21;45.8
382;2022-03-04 21:12:25;21;46.3
383;2022-03-04 21:17:25;21;46.8
384;2022-03-04 21:22:25;21;46.3
385;2022-03-04 21:27:25;21;46.8
386;2022-03-04 21:32:25;21.1;47.4
387;2022-03-04 21:37:25;21.1;47.4
388;2022-03-04 21:42:25;21.1;47.9
389;2022-03-04 21:47:25;21.1;47.9
390;2022-03-04 21:52:25;21.1;47.9
391;2022-03-04 21:57:25;21.1;48.4
392;2022-03-04 22:02:25;21.1;48.4
393;2022-03-04 22:07:25;21.1;48.9
394;2022-03-04 22:12:25;21.1;48.9
395;2022-03-04 22:17:25;21.1;48.9
396;2022-03-04 22:22:25;21.1;48.9
397;2022-03-04 22:27:25;21.1;48.9
398;2022-03-04 22:32:25;21.1;49.4
399;2022-03-04 22:37:25;21.1;49.4
400;2022-03-04 22:42:25;21.2;49.4
401;2022-03-04 22:47:25;21.2;50
402;2022-03-04 22:52:25;21.2;50
403;2022-03-04 22:57:25;21.2;50
404;2022-03-04 23:02:25;21.2;50
405;2022-03-04 23:07:25;21.2;50
406;2022-03-04 23:12:25;21.2;49.9
407;2022-03-04 23:17:25;21.2;50
408;2022-03-04 23:22:25;21.2;50
409;2022-03-04 23:27:25;21.2;50
410;2022-03-04 23:32:25;21.2;50.5
411;2022-03-04 23:37:25;21.2;50.5
412;2022-03-04 23:42:25;21.2;50.5
413;2022-03-04 23:47:25;21.2;50.5
414;2022-03-04 23:52:25;21.2;50.5
415;2022-03-04 23:57:25;21.2;50.5
416;2022-03-05 00:02:25;21.2;51
417;2022-03-05 00:07:25;21.2;51
418;2022-03-05 00:12:25;21.2;51
419;2022-03-05 00:17:25;21.2;51
420;2022-03-05 00:22:25;21.2;51
421;2022-03-05 00:27:25;21.2;51
422;2022-03-05 00:32:25;21.2;51
423;2022-03-05 00:37:25;21.2;51
424;2022-03-05 00:42:25;21.2;51
425;2022-03-05 00:47:25;21.2;51
426;2022-03-05 00:52:25;21.2;51
427;2022-03-05 00:57:25;21.2;51
428;2022-03-05 01:02:25;21.2;51
429;2022-03-05 01:07:25;21.2;51
430;2022-03-05 01:12:25;21.2;51
431;2022-03-05 01:17:25;21.2;51
432;2022-03-05 01:22:25;21.2;51
433;2022-03-05 01:27:25;21.2;51
434;2022-03-05 01:32:25;21.2;51
435;2022-03-05 01:37:25;21.2;51
436;2022-03-05 01:42:25;21.2;51
437;2022-03-05 01:47:25;21.2;51
438;2022-03-05 01:52:25;21.2;51
439;2022-03-05 01:57:25;21.2;51.5
440;2022-03-05 02:02:25;21.2;51.5
441;2022-03-05 02:07:25;21.2;51.5
442;2022-03-05 02:12:25;21.2;51.5
443;2022-03-05 02:17:25;21.2;51.5
444;2022-03-05 02:22:25;21.2;51.5
445;2022-03-05 02:27:25;21.2;51.5
446;2022-03-05 02:32:25;21.2;51.5
447;2022-03-05 02:37:25;21.2;51.5
448;2022-03-05 02:42:25;21.2;51.5
449;2022-03-05 02:47:25;21.2;51.5
450;2022-03-05 02:52:25;21.2;51.5
451;2022-03-05 02:57:25;21.2;51.5
452;2022-03-05 03:02:25;21.2;51.5
453;2022-03-05 03:07:25;21.2;51.5
454;2022-03-05 03:12:25;21.2;52
455;2022-03-05 03:17:25;21.2;52
456;2022-03-05 03:22:25;21.2;52
457;2022-03-05 03:27:25;21.2;52
458;2022-03-05 03:32:25;21.2;52
459;2022-03-05 03:37:25;21.2;52
460;2022-03-05 03:42:25;21.2;52
461;2022-03-05 03:47:25;21.2;52
462;2022-03-05 03:52:25;21.2;52
463;2022-03-05 03:57:25;21.2;52
464;2022-03-05 04:02:25;21.2;52
465;2022-03-05 04:07:25;21.2;52
466;2022-03-05 04:12:25;21.2;52
467;2022-03-05 04:17:25;21.2;52
468;2022-03-05 04:22:25;21.2;52
469;2022-03-05 04:27:25;21.2;52
470;2022-03-05 04:32:25;21.2;52
471;2022-03-05 04:37:25;21.2;52
472;2022-03-05 04:42:25;21.2;52
473;2022-03-05 04:47:25;21.2;52
474;2022-03-05 04:52:25;21.2;52
475;2022-03-05 04:57:25;21.2;52
476;2022-03-05 05:02:25;21.2;52
477;2022-03-05 05:07:25;21.2;52
478;2022-03-05 05:12:25;21.2;52
479;2022-03-05 05:17:25;21.2;52
480;2022-03-05 05:22:25;21.2;52
481;2022-03-05 05:27:25;21.2;52
482;2022-03-05 05:32:25;21.2;52
483;2022-03-05 05:37:25;21.2;52
484;2022-03-05 05:42:25;21.2;52
485;2022-03-05 05:47:25;21.2;52
486;2022-03-05 05:52:25;21.2;52
487;2022-03-05 05:57:25;21.2;52
488;2022-03-05 06:02:25;21.2;52
489;2022-03-05 06:07:25;21.2;52
490;2022-03-05 06:12:25;21.2;52
491;2022-03-05 06:17:25;21.2;52
492;2022-03-05 06:22:25;21.2;52
493;2022-03-05 06:27:25;21.2;52
494;2022-03-05 06:32:25;21.2;52.5
495;2022-03-05 06:37:25;21.2;52.5
496;2022-03-05 06:42:25;21.2;52
497;2022-03-05 06:47:25;21.2;52.5
498;2022-03-05 06:52:25;21.2;52
499;2022-03-05 06:57:25;21.2;52
500;2022-03-05 07:02:25;21.2;52
501;2022-03-05 07:07:25;21.2;52
502;2022-03-05 07:12:25;21.2;52
503;2022-03-05 07:17:25;21.2;52
504;2022-03-05 07:22:25;21.2;52
505;2022-03-05 07:27:25;21.2;52
506;2022-03-05 07:32:25;21.2;52
507;2022-03-05 07:37:25;21.2;52
508;2022-03-05 07:42:25;21.2;52
509;2022-03-05 07:47:25;21.2;52
510;2022-03-05 07:52:25;21.2;52
511;2022-03-05 07:57:25;21.2;52
512;2022-03-05 08:02:25;21.2;52
513;2022-03-05 08:07:25;21.2;52
514;2022-03-05 08:12:25;21.2;52
515;2022-03-05 08:17:25;21.2;52
516;2022-03-05 08:22:25;21.2;52
517;2022-03-05 08:27:25;21.2;52
518;2022-03-05 08:32:25;21.2;52
519;2022-03-05 08:37:25;21.2;52
520;2022-03-05 08:42:25;21.2;52
521;2022-03-05 08:47:25;21.2;52
522;2022-03-05 08:52:25;21.2;52
523;2022-03-05 08:57:25;21.2;52
524;2022-03-05 09:02:25;21.2;52
525;2022-03-05 09:07:25;21.2;51.5
526;2022-03-05 09:12:25;21.2;51.5
527;2022-03-05 09:17:25;21.2;51.5
528;2022-03-05 09:22:25;21.2;51.5
529;2022-03-05 09:27:25;21.2;51.5
530;2022-03-05 09:32:25;21.2;51.5
531;2022-03-05 09:37:25;21.2;51.5
532;2022-03-05 09:42:25;21.2;51.5
533;2022-03-05 09:47:25;21.2;51.5
534;2022-03-05 09:52:25;21.2;51.5
535;2022-03-05 09:57:25;21.2;51.5
536;2022-03-05 10:02:25;21.2;51.5
537;2022-03-05 10:07:25;21.2;51
538;2022-03-05 10:12:25;21.2;51
539;2022-03-05 10:17:25;21.2;51
540;2022-03-05 10:22:25;21.2;51.5
541;2022-03-05 10:27:25;21.2;51.5
542;2022-03-05 10:32:25;21.2;51.5
543;2022-03-05 10:37:25;21.2;51.5
544;2022-03-05 10:42:25;21.2;52
545;2022-03-05 10:47:25;21.2;52
546;2022-03-05 10:52:25;21.2;52
547;2022-03-05 10:57:25;21.2;52
548;2022-03-05 11:02:25;21.2;52
549;2022-03-05 11:07:25;21.2;52
550;2022-03-05 11:12:25;21.2;52
551;2022-03-05 11:17:25;21.2;52
552;2022-03-05 11:22:25;21.2;52
553;2022-03-05 11:27:25;21.2;52.5
554;2022-03-05 11:32:25;21.2;52.5
555;2022-03-05 11:37:25;21.2;52.5
556;2022-03-05 11:42:25;21.2;52.5
557;2022-03-05 11:47:25;21.2;52.5
558;2022-03-05 11:52:25;21.2;52.5
559;2022-03-05 11:57:25;21.2;52.5
560;2022-03-05 12:02:25;21.2;53
561;2022-03-05 12:07:25;21.2;53
562;2022-03-05 12:12:25;21.2;53
563;2022-03-05 12:17:25;21.2;53
564;2022-03-05 12:22:25;21.2;53
565;2022-03-05 12:27:25;21.2;53
566;2022-03-05 12:32:25;21.2;53
567;2022-03-05 12:37:25;21.2;53
568;2022-03-05 12:42:25;21.2;53
569;2022-03-05 12:47:25;21.2;53
570;2022-03-05 12:52:25;21.2;53
571;2022-03-05 12:57:25;21.2;53
572;2022-03-05 13:02:25;21.2;53
573;2022-03-05 13:07:25;21.2;52.5
574;2022-03-05 13:12:25;21.2;52.5
575;2022-03-05 13:17:25;21.2;51.5
576;2022-03-05 13:22:25;21.2;51.5
577;2022-03-05 13:27:25;21.1;50.5
578;2022-03-05 13:32:25;21.1;50.5
579;2022-03-05 13:37:25;21.2;50.5
580;2022-03-05 13:42:25;21.1;49.9
581;2022-03-05 13:47:25;21.1;49.9
582;2022-03-05 13:52:25;21.2;50.5
583;2022-03-05 13:57:25;21.1;50
584;2022-03-05 14:02:25;21.1;49.9
585;2022-03-05 14:07:25;21.1;49.9
586;2022-03-05 14:12:25;21.1;49.4
587;2022-03-05 14:17:25;21.1;49.4
588;2022-03-05 14:22:25;21.1;48.9
589;2022-03-05 14:27:25;21.1;48.9
590;2022-03-05 14:32:25;21.1;48.9
591;2022-03-05 14:37:25;21.1;48.4
592;2022-03-05 14:42:25;21.1;47.9
593;2022-03-05 14:47:25;21.1;47.9
594;2022-03-05 14:52:25;21.1;47.9
595;2022-03-05 14:57:25;21.1;47.9
596;2022-03-05 15:02:25;21.1;47.9
597;2022-03-05 15:07:25;21;47.4
598;2022-03-05 15:12:25;21;47.4
599;2022-03-05 15:17:25;21;47.4
600;2022-03-05 15:22:25;21;47.4
601;2022-03-05 15:27:25;21;47.4
602;2022-03-05 15:32:25;21;46.8
603;2022-03-05 15:37:25;21;46.8
604;2022-03-05 15:42:25;21;46.8
605;2022-03-05 15:47:25;21;46.3
606;2022-03-05 15:52:25;21;46.3
607;2022-03-05 15:57:25;21;45.8
608;2022-03-05 16:02:25;21;45.8
609;2022-03-05 16:07:25;21;45.8
610;2022-03-05 16:12:25;21;45.8
611;2022-03-05 16:17:25;21;45.8
612;2022-03-05 16:22:25;21;45.3
613;2022-03-05 16:27:25;21;45.3
614;2022-03-05 16:32:25;21;45.3
615;2022-03-05 16:37:25;21;44.8
616;2022-03-05 16:42:25;20.9;44.8
617;2022-03-05 16:47:25;20.9;44.8
618;2022-03-05 16:52:25;20.9;44.8
619;2022-03-05 16:57:25;20.9;44.8
620;2022-03-05 17:02:25;20.9;44.8
621;2022-03-05 17:07:25;20.9;44.8
622;2022-03-05 17:12:25;20.9;44.8
623;2022-03-05 17:17:25;20.9;44.8
624;2022-03-05 17:22:25;20.9;44.2
625;2022-03-05 17:27:25;20.9;44.2
626;2022-03-05 17:32:25;20.9;44.2
627;2022-03-05 17:37:25;20.9;44.2
628;2022-03-05 17:42:25;20.9;44.2
629;2022-03-05 17:47:25;20.9;44.2
630;2022-03-05 17:52:25;20.9;43.7
631;2022-03-05 17:57:25;20.9;43.7
632;2022-03-05 18:02:25;20.9;43.7
633;2022-03-05 18:07:25;20.9;43.7
634;2022-03-05 18:12:25;20.9;43.7
635;2022-03-05 18:17:25;20.9;43.7
636;2022-03-05 18:22:25;20.9;43.7
637;2022-03-05 18:27:25;20.9;43.7
638;2022-03-05 18:32:25;20.9;43.7
639;2022-03-05 18:37:25;20.9;44.2
640;2022-03-05 18:42:25;20.9;44.2
641;2022-03-05 18:47:25;20.9;44.2
642;2022-03-05 18:52:25;20.9;44.7
643;2022-03-05 18:57:25;20.9;44.7
644;2022-03-05 19:02:25;20.9;44.7
645;2022-03-05 19:07:25;20.9;44.7
646;2022-03-05 19:12:25;20.9;44.7
647;2022-03-05 19:17:25;20.9;44.7
648;2022-03-05 19:22:25;20.9;44.8
649;2022-03-05 19:27:25;20.9;45.3
650;2022-03-05 19:32:25;20.9;45.8
651;2022-03-05 19:37:25;20.9;45.3
652;2022-03-05 19:42:25;20.9;45.8
653;2022-03-05 19:47:25;20.9;45.8
654;2022-03-05 19:52:25;20.9;45.8
655;2022-03-05 19:57:25;20.9;45.3
656;2022-03-05 20:02:25;20.9;45.3
657;2022-03-05 20:07:25;20.9;45.8
658;2022-03-05 20:12:25;20.9;45.8
659;2022-03-05 20:17:25;20.9;46.3
660;2022-03-05 20:22:25;20.9;46.8
661;2022-03-05 20:27:25;20.9;46.8
662;2022-03-05 20:32:25;20.9;46.8
663;2022-03-05 20:37:25;20.9;46.8
664;2022-03-05 20:42:25;20.9;46.8
665;2022-03-05 20:47:25;20.9;46.8
666;2022-03-05 20:52:25;21;47.9
667;2022-03-05 20:57:25;21;47.9
668;2022-03-05 21:02:25;21;47.9
669;2022-03-05 21:07:25;21;47.9
670;2022-03-05 21:12:25;21;47.9
671;2022-03-05 21:17:25;21;47.9
672;2022-03-05 21:22:25;21;48.4
673;2022-03-05 21:27:25;21;48.4
674;2022-03-05 21:32:25;21;48.9
675;2022-03-05 21:37:25;21;48.9
676;2022-03-05 21:42:25;21;48.9
677;2022-03-05 21:47:25;21;48.9
678;2022-03-05 21:52:25;21;48.9
679;2022-03-05 21:57:25;21;48.9
680;2022-03-05 22:02:25;21;49.4
681;2022-03-05 22:07:25;21;49.4
682;2022-03-05 22:12:25;21;49.4
683;2022-03-05 22:17:25;21;49.4
684;2022-03-05 22:22:25;21;49.4
685;2022-03-05 22:27:25;21;49.9
686;2022-03-05 22:32:25;21;49.9
687;2022-03-05 22:37:25;21.1;49.9
688;2022-03-05 22:42:25;21.1;49.9
689;2022-03-05 22:47:25;21.1;49.9
690;2022-03-05 22:52:25;21.1;49.9
691;2022-03-05 22:57:25;21.1;49.9
692;2022-03-05 23:02:25;21.1;49.9
693;2022-03-05 23:07:25;21.1;49.9
694;2022-03-05 23:12:25;21.1;49.9
695;2022-03-05 23:17:25;21.1;49.9
696;2022-03-05 23:22:25;21.1;49.9
697;2022-03-05 23:27:25;21.1;49.9
698;2022-03-05 23:32:25;21.1;49.9
699;2022-03-05 23:37:25;21.1;50.5
700;2022-03-05 23:42:25;21.1;50.5
701;2022-03-05 23:47:25;21.1;50.4
702;2022-03-05 23:52:25;21.1;50.4
703;2022-03-05 23:57:25;21.1;50.4
704;2022-03-06 00:02:25;21.1;50.4
705;2022-03-06 00:07:25;21.1;50.4
706;2022-03-06 00:12:25;21.1;50.4
707;2022-03-06 00:17:25;21.1;50.4
708;2022-03-06 00:22:25;21.1;50.4
709;2022-03-06 00:27:25;21.1;50.5
710;2022-03-06 00:32:25;21.1;51
711;2022-03-06 00:37:25;21.1;51
712;2022-03-06 00:42:25;21.1;51
713;2022-03-06 00:47:25;21.1;51
714;2022-03-06 00:52:25;21.1;51
715;2022-03-06 00:57:25;21.1;51
716;2022-03-06 01:02:25;21.1;51
717;2022-03-06 01:07:25;21.1;51
718;2022-03-06 01:12:25;21.1;51
719;2022-03-06 01:17:25;21.1;51
720;2022-03-06 01:22:25;21.1;51
721;2022-03-06 01:27:25;21.1;51
722;2022-03-06 01:32:25;21.1;51
723;2022-03-06 01:37:25;21.1;51
724;2022-03-06 01:42:25;21.1;51
725;2022-03-06 01:47:25;21.1;51
726;2022-03-06 01:52:25;21.1;51
727;2022-03-06 01:57:25;21.1;51
728;2022-03-06 02:02:25;21.1;51
729;2022-03-06 02:07:25;21.1;51
730;2022-03-06 02:12:25;21.1;51
731;2022-03-06 02:17:25;21.1;51
732;2022-03-06 02:22:25;21.1;51
733;2022-03-06 02:27:25;21.1;51
734;2022-03-06 02:32:25;21.1;51
735;2022-03-06 02:37:25;21.1;51
736;2022-03-06 02:42:25;21.1;51
737;2022-03-06 02:47:25;21.1;51
738;2022-03-06 02:52:25;21.1;51
739;2022-03-06 02:57:25;21.1;51
740;2022-03-06 03:02:25;21.1;51.5
741;2022-03-06 03:07:25;21.1;51
742;2022-03-06 03:12:25;21.1;51.5
743;2022-03-06 03:17:25;21.1;51.5
744;2022-03-06 03:22:25;21.1;51.5
745;2022-03-06 03:27:25;21.1;51.5
746;2022-03-06 03:32:25;21.1;51.5
747;2022-03-06 03:37:25;21.1;51.5
748;2022-03-06 03:42:25;21.1;51.5
749;2022-03-06 03:47:25;21.1;51.5
750;2022-03-06 03:52:25;21.1;51.5
751;2022-03-06 03:57:25;21.1;51.5
752;2022-03-06 04:02:25;21.1;51.5
753;2022-03-06 04:07:25;21.1;51.5
754;2022-03-06 04:12:25;21.1;51.5
755;2022-03-06 04:17:25;21.1;51.5
756;2022-03-06 04:22:25;21.1;51.5
757;2022-03-06 04:27:25;21.1;51.5
758;2022-03-06 04:32:25;21.1;51.5
759;2022-03-06 04:37:25;21.1;51.5
760;2022-03-06 04:42:25;21.1;51
761;2022-03-06 04:47:25;21.1;51.5
762;2022-03-06 04:52:25;21.1;51
763;2022-03-06 04:57:25;21.1;51
764;2022-03-06 05:02:25;21.1;51
765;2022-03-06 05:07:25;21.1;51
766;2022-03-06 05:12:25;21.1;51.5
767;2022-03-06 05:17:25;21.1;51
768;2022-03-06 05:22:25;21.1;51
769;2022-03-06 05:27:25;21.1;51
770;2022-03-06 05:32:25;21.1;51
771;2022-03-06 05:37:25;21.1;51
772;2022-03-06 05:42:25;21.1;51
773;2022-03-06 05:47:25;21.1;51
774;2022-03-06 05:52:25;21.1;51
775;2022-03-06 05:57:25;21.1;51
776;2022-03-06 06:02:25;21.1;51
777;2022-03-06 06:07:25;21.1;51
778;2022-03-06 06:12:25;21.1;51
779;2022-03-06 06:17:25;21.1;51
780;2022-03-06 06:22:25;21;51
781;2022-03-06 06:27:25;21;51
782;2022-03-06 06:32:25;21;51
783;2022-03-06 06:37:25;21;50.4
784;2022-03-06 06:42:25;21;50.4
785;2022-03-06 06:47:25;21;50.4
786;2022-03-06 06:52:25;21;50.4
787;2022-03-06 06:57:25;21;50.4
788;2022-03-06 07:02:25;21;50.4
789;2022-03-06 07:07:25;21;49.9
790;2022-03-06 07:12:25;21;49.9
791;2022-03-06 07:17:25;21;49.9
792;2022-03-06 07:22:25;21;49.9
793;2022-03-06 07:27:25;21;49.9
794;2022-03-06 07:32:25;21;49.9
795;2022-03-06 07:37:25;21;49.9
796;2022-03-06 07:42:25;21;49.9
797;2022-03-06 07:47:25;21;49.9
798;2022-03-06 07:52:25;21;49.9
799;2022-03-06 07:57:25;21;49.9
800;2022-03-06 08:02:25;21;49.9
801;2022-03-06 08:07:25;21;49.9
802;2022-03-06 08:12:25;21;49.9
803;2022-03-06 08:17:25;21;49.9
804;2022-03-06 08:22:25;21;49.9
805;2022-03-06 08:27:25;21;49.9
806;2022-03-06 08:32:25;21;49.9
807;2022-03-06 08:37:25;21;49.9
808;2022-03-06 08:42:25;21;49.4
809;2022-03-06 08:47:25;21;49.4
810;2022-03-06 08:52:25;21;49.4
811;2022-03-06 08:57:25;21;48.9
812;2022-03-06 09:02:25;21;49.4
813;2022-03-06 09:07:25;21;49.4
814;2022-03-06 09:12:25;21;49.4
815;2022-03-06 09:17:25;21;49.4
816;2022-03-06 09:22:25;21;49.4
817;2022-03-06 09:27:25;21;49.4
818;2022-03-06 09:32:25;21;48.9
819;2022-03-06 09:37:25;21;48.9
820;2022-03-06 09:42:25;21;48.9
821;2022-03-06 09:47:25;21;48.9
822;2022-03-06 09:52:25;21;48.9
823;2022-03-06 09:57:25;21;48.9
824;2022-03-06 10:02:25;21;48.9
825;2022-03-06 10:07:25;21;48.9
826;2022-03-06 10:12:25;21;49.4
827;2022-03-06 10:17:25;21;49.4
828;2022-03-06 10:22:25;21;48.9
829;2022-03-06 10:27:25;21;49.4
830;2022-03-06 10:32:25;21;49.4
831;2022-03-06 10:37:25;21;49.4
832;2022-03-06 10:42:25;21;49.9
833;2022-03-06 10:47:25;21;49.9
834;2022-03-06 10:52:25;21;49.9
835;2022-03-06 10:57:25;21;49.9
836;2022-03-06 11:02:25;21;49.9
837;2022-03-06 11:07:25;21;49.9
838;2022-03-06 11:12:25;21;50.4
839;2022-03-06 11:17:25;21;50.4
840;2022-03-06 11:22:25;21;50.4
841;2022-03-06 11:27:25;21;50.4
842;2022-03-06 11:32:25;21;51
843;2022-03-06 11:37:25;21;51
844;2022-03-06 11:42:25;21;51
845;2022-03-06 11:47:25;21;51
846;2022-03-06 11:52:25;21;51
847;2022-03-06 11:57:25;21;51
848;2022-03-06 12:02:25;21;51.5
849;2022-03-06 12:07:25;21;51.5
850;2022-03-06 12:12:25;21;51.5
851;2022-03-06 12:17:25;21;51.5
852;2022-03-06 12:22:25;21;52
853;2022-03-06 12:27:25;21;52
854;2022-03-06 12:32:25;21;52
855;2022-03-06 12:37:25;21;52
856;2022-03-06 12:42:25;21;52
857;2022-03-06 12:47:25;21;52
858;2022-03-06 12:52:25;21;52
859;2022-03-06 12:57:25;21;52
860;2022-03-06 13:02:25;21;52
861;2022-03-06 13:07:25;21;52
862;2022-03-06 13:12:25;21;52
863;2022-03-06 13:17:25;21;52
864;2022-03-06 13:22:25;21;52
865;2022-03-06 13:27:25;21;52
866;2022-03-06 13:32:25;21;52
867;2022-03-06 13:37:25;21;52
868;2022-03-06 13:42:25;21;52
869;2022-03-06 13:47:25;21;52
870;2022-03-06 13:52:25;21;51.5
871;2022-03-06 13:57:25;21;51.5
872;2022-03-06 14:02:25;21;51.5
873;2022-03-06 14:07:25;21;51.5
874;2022-03-06 14:12:25;21;51.5
875;2022-03-06 14:17:25;21;51.5
876;2022-03-06 14:22:25;21;51.5
877;2022-03-06 14:27:25;21;51.5
878;2022-03-06 14:32:25;21;51.5
879;2022-03-06 14:37:25;21;50.4
880;2022-03-06 14:42:25;21;51
881;2022-03-06 14:47:25;21;51
882;2022-03-06 14:52:25;21;51
883;2022-03-06 14:57:25;21;51
884;2022-03-06 15:02:25;21;50.4
885;2022-03-06 15:07:25;21;51
886;2022-03-06 15:12:25;21;50.9
887;2022-03-06 15:17:25;21;50.4
888;2022-03-06 15:22:25;21;50.4
889;2022-03-06 15:27:25;21;49.9
890;2022-03-06 15:32:25;21;49.9
891;2022-03-06 15:37:25;21;49.9
892;2022-03-06 15:42:25;21;49.9
893;2022-03-06 15:47:25;21;50.4
894;2022-03-06 15:52:25;21;49.9
895;2022-03-06 15:57:25;21;49.9
896;2022-03-06 16:02:25;21;49.9
897;2022-03-06 16:07:25;21;49.9
898;2022-03-06 16:12:25;21;49.9
899;2022-03-06 16:17:25;21;49.9
900;2022-03-06 16:22:25;21;49.4
901;2022-03-06 16:27:25;21;49.9
902;2022-03-06 16:32:25;21;49.9
903;2022-03-06 16:37:25;21;49.4
904;2022-03-06 16:42:25;21;49.4
905;2022-03-06 16:47:25;21;49.9
906;2022-03-06 16:52:25;21;49.4
907;2022-03-06 16:57:25;21;49.9
908;2022-03-06 17:02:25;21;49.4
909;2022-03-06 17:07:25;21;49.9
910;2022-03-06 17:12:25;21;49.9
911;2022-03-06 17:17:25;21;49.9
912;2022-03-06 17:22:25;21;49.9
913;2022-03-06 17:27:25;21;49.9
914;2022-03-06 17:32:25;21;49.4
915;2022-03-06 17:37:25;21;49.4
916;2022-03-06 17:42:25;21;49.9
917;2022-03-06 17:47:25;21;49.9
918;2022-03-06 17:52:25;21;49.4
919;2022-03-06 17:57:25;21;49.4
920;2022-03-06 18:02:25;21;49.4
921;2022-03-06 18:07:25;21;49.9
922;2022-03-06 18:12:25;21;49.9
923;2022-03-06 18:17:25;21;49.9
924;2022-03-06 18:22:25;21;49.9
925;2022-03-06 18:27:25;21;49.9
926;2022-03-06 18:32:25;21;50.4
927;2022-03-06 18:37:25;21;49.9
928;2022-03-06 18:42:25;21;49.9
929;2022-03-06 18:47:25;21;49.9
930;2022-03-06 18:52:25;21;49.9
931;2022-03-06 18:57:25;21;49.9
932;2022-03-06 19:02:25;21;49.9
933;2022-03-06 19:07:25;21;50.4
934;2022-03-06 19:12:25;21;50.4
935;2022-03-06 19:17:25;21;51
936;2022-03-06 19:22:25;21;51
937;2022-03-06 19:27:25;21.1;51
938;2022-03-06 19:32:25;21;50.4
939;2022-03-06 19:37:25;21;51
940;2022-03-06 19:42:25;21.1;51
941;2022-03-06 19:47:25;21.1;51
942;2022-03-06 19:52:25;21.1;51.5
943;2022-03-06 19:57:25;21.1;51.5
944;2022-03-06 20:02:25;21.1;52
945;2022-03-06 20:07:25;21.1;52
946;2022-03-06 20:12:25;21.1;52
947;2022-03-06 20:17:25;21.1;52
948;2022-03-06 20:22:25;21.1;52
949;2022-03-06 20:27:25;21.1;52
950;2022-03-06 20:32:25;21.1;52
951;2022-03-06 20:37:25;21.1;52.5
952;2022-03-06 20:42:25;21.1;52.5
953;2022-03-06 20:47:25;21.1;52.5
954;2022-03-06 20:52:25;21.1;52.5
955;2022-03-06 20:57:25;21.1;52.5
956;2022-03-06 21:02:25;21.1;52.5
957;2022-03-06 21:07:25;21.1;52.5
958;2022-03-06 21:12:25;21.1;52.5
959;2022-03-06 21:17:25;21.1;52.5
960;2022-03-06 21:22:25;21.1;52.5
961;2022-03-06 21:27:25;21.1;52.5
962;2022-03-06 21:32:25;21.1;53
963;2022-03-06 21:37:25;21.1;53
964;2022-03-06 21:42:25;21.1;53
965;2022-03-06 21:47:25;21.1;53
966;2022-03-06 21:52:25;21.1;53
967;2022-03-06 21:57:25;21.1;53
968;2022-03-06 22:02:25;21.1;53
969;2022-03-06 22:07:25;21.1;53
970;2022-03-06 22:12:25;21.1;53
971;2022-03-06 22:17:25;21.1;53
972;2022-03-06 22:22:25;21.1;53
973;2022-03-06 22:27:25;21.1;53
974;2022-03-06 22:32:25;21.1;53
975;2022-03-06 22:37:25;21.1;53
976;2022-03-06 22:42:25;21.1;53
977;2022-03-06 22:47:25;21.1;53
978;2022-03-06 22:52:25;21.1;53
979;2022-03-06 22:57:25;21.1;53
980;2022-03-06 23:02:25;21.1;53
981;2022-03-06 23:07:25;21.1;53
982;2022-03-06 23:12:25;21.1;53
983;2022-03-06 23:17:25;21.1;53
984;2022-03-06 23:22:25;21.1;53
985;2022-03-06 23:27:25;21.1;53
986;2022-03-06 23:32:25;21.1;53
987;2022-03-06 23:37:25;21.1;53
988;2022-03-06 23:42:25;21.1;53
989;2022-03-06 23:47:25;21.1;53
990;2022-03-06 23:52:25;21.1;53
991;2022-03-06 23:57:25;21.1;53
992;2022-03-07 00:02:25;21.1;53
993;2022-03-07 00:07:25;21.1;52.5
994;2022-03-07 00:12:25;21.1;52.5
995;2022-03-07 00:17:25;21.1;52.5
996;2022-03-07 00:22:25;21.1;52.5
997;2022-03-07 00:27:25;21.1;52.5
998;2022-03-07 00:32:25;21.1;52.5
999;2022-03-07 00:37:25;21.1;52.5
1000;2022-03-07 00:42:25;21.1;52.5
1001;2022-03-07 00:47:25;21.1;52.5
1002;2022-03-07 00:52:25;21.1;52.5
1003;2022-03-07 00:57:25;21.1;52
1004;2022-03-07 01:02:25;21.1;52
1005;2022-03-07 01:07:25;21.1;52
1006;2022-03-07 01:12:25;21.1;52
1007;2022-03-07 01:17:25;21.1;52
1008;2022-03-07 01:22:25;21.1;52
1009;2022-03-07 01:27:25;21.1;52
1010;2022-03-07 01:32:25;21.1;51.5
1011;2022-03-07 01:37:25;21.1;51.5
1012;2022-03-07 01:42:25;21.1;51.5
1013;2022-03-07 01:47:25;21.1;51.5
1014;2022-03-07 01:52:25;21.1;51
1015;2022-03-07 01:57:25;21.1;51
1016;2022-03-07 02:02:25;21.1;51
1017;2022-03-07 02:07:25;21.1;51
1018;2022-03-07 02:12:25;21.1;51
1019;2022-03-07 02:17:25;21.1;51
1020;2022-03-07 02:22:25;21.1;51
1021;2022-03-07 02:27:25;21.1;51
1022;2022-03-07 02:32:25;21;51
1023;2022-03-07 02:37:25;21;50.4
1024;2022-03-07 02:42:25;21;50.4
1025;2022-03-07 02:47:25;21;49.9
1026;2022-03-07 02:52:25;21;49.9
1027;2022-03-07 02:57:25;21;49.9
1028;2022-03-07 03:02:25;21;49.9
1029;2022-03-07 03:07:25;21;49.9
1030;2022-03-07 03:12:25;21;49.9
1031;2022-03-07 03:17:25;21;49.9
1032;2022-03-07 03:22:25;21;49.4
1033;2022-03-07 03:27:25;21;49.4
1034;2022-03-07 03:32:25;21;49.4
1035;2022-03-07 03:37:25;21;48.9
1036;2022-03-07 03:42:25;21;48.9
1037;2022-03-07 03:47:25;21;48.9
1038;2022-03-07 03:52:25;21;48.9
1039;2022-03-07 03:57:25;21;48.4
1040;2022-03-07 04:02:25;21;48.4
1041;2022-03-07 04:07:25;21;48.4
1042;2022-03-07 04:12:25;21;47.9
1043;2022-03-07 04:17:25;21;47.9
1044;2022-03-07 04:22:25;21;47.9
1045;2022-03-07 04:27:25;21;47.9
1046;2022-03-07 04:32:25;21;47.9
1047;2022-03-07 04:37:25;21;47.9
1048;2022-03-07 04:42:25;21;47.9
1049;2022-03-07 04:47:25;21;47.9
1050;2022-03-07 04:52:25;21;47.9
1051;2022-03-07 04:57:25;21;47.9
1052;2022-03-07 05:02:25;21;47.9
1053;2022-03-07 05:07:25;21;47.4
1054;2022-03-07 05:12:25;21;47.9
1055;2022-03-07 05:17:25;21;47.9
1056;2022-03-07 05:22:25;21;47.9
1057;2022-03-07 05:27:25;21;47.9
1058;2022-03-07 05:32:25;21;47.4
1059;2022-03-07 05:37:25;21;47.4
1060;2022-03-07 05:42:25;21;47.4
1061;2022-03-07 05:47:25;21;46.8
1062;2022-03-07 05:52:25;21;47.4
1063;2022-03-07 05:57:25;21;46.8
1064;2022-03-07 06:02:25;21;46.8
1065;2022-03-07 06:07:25;21;46.8
1066;2022-03-07 06:12:25;20.9;46.8
1067;2022-03-07 06:17:25;20.9;46.8
1068;2022-03-07 06:22:25;20.9;46.8
1069;2022-03-07 06:27:25;20.9;46.8
1070;2022-03-07 06:32:25;20.9;46.8
1071;2022-03-07 06:37:25;20.9;46.8
1072;2022-03-07 06:42:25;20.9;46.8
1073;2022-03-07 06:47:25;20.9;46.8
1074;2022-03-07 06:52:25;20.9;46.8
1075;2022-03-07 06:57:25;20.9;46.3
1076;2022-03-07 07:02:25;20.9;46.3
1077;2022-03-07 07:07:25;20.9;46.3
1078;2022-03-07 07:12:25;20.9;46.3
1079;2022-03-07 07:17:25;20.9;46.3
1080;2022-03-07 07:22:25;20.9;45.8
1081;2022-03-07 07:27:25;20.9;45.8
1082;2022-03-07 07:32:25;20.9;45.8
1083;2022-03-07 07:37:25;20.9;45.8
1084;2022-03-07 07:42:25;20.9;45.8
1085;2022-03-07 07:47:25;20.9;45.8
1086;2022-03-07 07:52:25;20.9;45.8
1087;2022-03-07 07:57:25;20.9;45.8
1088;2022-03-07 08:02:25;20.9;45.8
1089;2022-03-07 08:07:25;20.9;45.8
1090;2022-03-07 08:12:25;20.9;45.8
1091;2022-03-07 08:17:25;20.9;45.8
1092;2022-03-07 08:22:25;20.9;45.8
1093;2022-03-07 08:27:25;20.9;45.8
1094;2022-03-07 08:32:25;20.9;45.8
1095;2022-03-07 08:37:25;20.9;45.8
1096;2022-03-07 08:42:25;20.9;45.8
1097;2022-03-07 08:47:25;20.9;45.8
1098;2022-03-07 08:52:25;20.9;46.8
1099;2022-03-07 08:57:25;20.9;46.8
1100;2022-03-07 09:02:25;20.9;46.8
1101;2022-03-07 09:07:25;20.9;46.8
1102;2022-03-07 09:12:25;20.9;46.8
1103;2022-03-07 09:17:25;20.9;46.8
1104;2022-03-07 09:22:25;20.9;46.8
1105;2022-03-07 09:27:25;20.9;46.8
1106;2022-03-07 09:32:25;20.9;46.3
1107;2022-03-07 09:37:25;20.9;45.8
1108;2022-03-07 09:42:25;20.9;45.8
1109;2022-03-07 09:47:25;20.8;45.8
1110;2022-03-07 09:52:25;20.8;45.8
1111;2022-03-07 09:57:25;20.8;45.8
1112;2022-03-07 10:02:25;20.8;46.3
1113;2022-03-07 10:07:25;20.9;46.8
1114;2022-03-07 10:12:25;20.9;46.8
1115;2022-03-07 10:17:25;20.9;46.8
1116;2022-03-07 10:22:25;20.9;46.8
1117;2022-03-07 10:27:25;20.9;47.3
1118;2022-03-07 10:32:25;20.9;47.9
1119;2022-03-07 10:37:25;20.9;47.9
1120;2022-03-07 10:42:25;20.9;48.4
1121;2022-03-07 10:47:25;20.9;48.4
1122;2022-03-07 10:52:25;20.9;48.9
1123;2022-03-07 10:57:25;20.9;48.9
1124;2022-03-07 11:02:25;20.9;49.4
1125;2022-03-07 11:07:25;20.9;49.4
1126;2022-03-07 11:12:25;20.9;49.9
1127;2022-03-07 11:17:25;20.9;49.9
1128;2022-03-07 11:22:25;20.9;49.9
1129;2022-03-07 11:27:25;20.9;49.9
1130;2022-03-07 11:32:25;20.9;50.4
1131;2022-03-07 11:37:25;20.9;50.4
1132;2022-03-07 11:42:25;20.9;50.4
1133;2022-03-07 11:47:25;20.9;50.9
1134;2022-03-07 11:52:25;20.9;50.9
1135;2022-03-07 11:57:25;20.9;50.9
1136;2022-03-07 12:02:25;20.9;50.9
1137;2022-03-07 12:07:25;20.9;50.9
1138;2022-03-07 12:12:25;20.9;50.9
1139;2022-03-07 12:17:25;20.9;50.9
1140;2022-03-07 12:22:25;20.9;50.9
1141;2022-03-07 12:27:25;20.9;50.9
1142;2022-03-07 12:32:25;20.9;50.9
1143;2022-03-07 12:37:25;20.9;50.9
1144;2022-03-07 12:42:25;20.9;50.9
1145;2022-03-07 12:47:25;20.9;50.9
1146;2022-03-07 12:52:25;20.9;50.9
1147;2022-03-07 12:57:25;20.9;50.9
1148;2022-03-07 13:02:25;20.9;50.9
1149;2022-03-07 13:07:25;20.9;50.4
1150;2022-03-07 13:12:25;20.9;50.4
1151;2022-03-07 13:17:25;20.9;50.4
1152;2022-03-07 13:22:25;20.9;50.4
1153;2022-03-07 13:27:25;20.9;50.4
1154;2022-03-07 13:32:25;20.9;50.4
1155;2022-03-07 13:37:25;20.9;50.4
1156;2022-03-07 13:42:25;20.9;50.4
1157;2022-03-07 13:47:25;20.9;50.4
1158;2022-03-07 13:52:25;20.9;49.9
1159;2022-03-07 13:57:25;20.9;49.9
1160;2022-03-07 14:02:25;20.9;48.9
1161;2022-03-07 14:07:25;20.9;48.9
1162;2022-03-07 14:12:25;20.9;48.9
1163;2022-03-07 14:17:25;20.8;47.9
1164;2022-03-07 14:22:25;20.7;47.8
1165;2022-03-07 14:27:25;20.8;47.8
1166;2022-03-07 14:32:25;20.8;47.8
1167;2022-03-07 14:37:25;20.8;47.3
1168;2022-03-07 14:42:25;20.8;47.3
1169;2022-03-07 14:47:25;20.8;47.3
1170;2022-03-07 14:52:25;20.9;47.3
1171;2022-03-07 14:57:25;20.9;47.3
1172;2022-03-07 15:02:25;20.9;47.3
1173;2022-03-07 15:07:25;20.9;47.3
1174;2022-03-07 15:12:25;20.9;47.3
1175;2022-03-07 15:17:25;20.9;46.8
1176;2022-03-07 15:22:25;20.9;46.8
1177;2022-03-07 15:27:25;20.9;47.3
1178;2022-03-07 15:32:25;20.9;47.3
1179;2022-03-07 15:37:25;20.9;47.9
1180;2022-03-07 15:42:25;20.9;47.9
1181;2022-03-07 15:47:25;20.9;47.3
1182;2022-03-07 15:52:25;20.9;47.9
1183;2022-03-07 15:57:25;20.9;46.8
1184;2022-03-07 16:02:25;20.9;46.8
1185;2022-03-07 16:07:25;20.9;47.3
1186;2022-03-07 16:12:25;20.9;47.9
1187;2022-03-07 16:17:25;20.9;47.3
1188;2022-03-07 16:22:25;20.9;46.8
1189;2022-03-07 16:27:25;20.9;46.8
1190;2022-03-07 16:32:25;20.9;46.8
1191;2022-03-07 16:37:25;20.9;46.3
1192;2022-03-07 16:42:25;20.9;45.8
1193;2022-03-07 16:47:25;20.9;45.8
1194;2022-03-07 16:52:25;20.9;45.8
1195;2022-03-07 16:57:25;20.9;45.8
1196;2022-03-07 17:02:25;20.9;45.3
1197;2022-03-07 17:07:25;20.9;45.3
1198;2022-03-07 17:12:25;20.9;45.3
1199;2022-03-07 17:17:25;20.9;45.3
1200;2022-03-07 17:22:25;20.9;45.3
1201;2022-03-07 17:27:25;20.9;45.3
1202;2022-03-07 17:32:25;20.9;45.3
1203;2022-03-07 17:37:25;20.9;45.3
1204;2022-03-07 17:42:25;20.9;45.3
1205;2022-03-07 17:47:25;20.9;44.7
1206;2022-03-07 17:52:25;20.9;44.7
1207;2022-03-07 17:57:25;20.9;44.7
1208;2022-03-07 18:02:25;20.9;44.2
1209;2022-03-07 18:07:25;20.8;43.7
1210;2022-03-07 18:12:25;20.8;43.7
1211;2022-03-07 18:17:25;20.8;43.7
1212;2022-03-07 18:22:25;20.8;43.7
1213;2022-03-07 18:27:25;20.8;43.7
1214;2022-03-07 18:32:25;20.8;43.7
1215;2022-03-07 18:37:25;20.8;43.7
1216;2022-03-07 18:42:25;20.8;43.7
1217;2022-03-07 18:47:25;20.8;43.7
1218;2022-03-07 18:52:25;20.8;43.7
1219;2022-03-07 18:57:25;20.8;43.7
1220;2022-03-07 19:02:25;20.8;43.7
1221;2022-03-07 19:07:25;20.8;44.2
1222;2022-03-07 19:12:25;20.8;43.7
1223;2022-03-07 19:17:25;20.8;43.7
1224;2022-03-07 19:22:25;20.8;43.7
1225;2022-03-07 19:27:25;20.8;43.7
1226;2022-03-07 19:32:25;20.8;43.7
1227;2022-03-07 19:37:25;20.8;43.7
1228;2022-03-07 19:42:25;20.8;43.7
1229;2022-03-07 19:47:25;20.8;43.7
1230;2022-03-07 19:52:25;20.8;43.7
1231;2022-03-07 19:57:25;20.8;43.7
1232;2022-03-07 20:02:25;20.8;43.7
1233;2022-03-07 20:07:25;20.8;43.7
1234;2022-03-07 20:12:25;20.8;43.7
1235;2022-03-07 20:17:25;20.8;43.7
1236;2022-03-07 20:22:25;20.8;43.7
1237;2022-03-07 20:27:25;20.8;43.7
1238;2022-03-07 20:32:25;20.8;44.2
1239;2022-03-07 20:37:25;20.8;44.7
1240;2022-03-07 20:42:25;20.8;45.3
1241;2022-03-07 20:47:25;20.8;45.8
1242;2022-03-07 20:52:25;20.8;45.3
1243;2022-03-07 20:57:25;20.8;45.8
1244;2022-03-07 21:02:25;20.9;45.8
1245;2022-03-07 21:07:25;20.9;46.3
1246;2022-03-07 21:12:25;20.9;46.3
1247;2022-03-07 21:17:25;20.9;46.8
1248;2022-03-07 21:22:25;20.9;46.8
1249;2022-03-07 21:27:25;20.9;46.8
1250;2022-03-07 21:32:25;20.9;47.3
1251;2022-03-07 21:37:25;20.9;47.3
1252;2022-03-07 21:42:25;20.9;47.9
1253;2022-03-07 21:47:25;20.9;47.9
1254;2022-03-07 21:52:25;20.9;47.9
1255;2022-03-07 21:57:25;20.9;47.9
1256;2022-03-07 22:02:25;20.9;47.9
1257;2022-03-07 22:07:25;20.9;48.4
1258;2022-03-07 22:12:25;20.9;48.4
1259;2022-03-07 22:17:25;20.9;48.4
1260;2022-03-07 22:22:25;20.9;48.4
1261;2022-03-07 22:27:25;20.9;48.4
1262;2022-03-07 22:32:25;20.9;48.9
1263;2022-03-07 22:37:25;20.9;48.9
1264;2022-03-07 22:42:25;20.9;48.9
1265;2022-03-07 22:47:25;20.9;48.9
1266;2022-03-07 22:52:25;20.9;48.9
1267;2022-03-07 22:57:25;20.9;48.9
1268;2022-03-07 23:02:25;20.9;48.9
1269;2022-03-07 23:07:25;20.9;48.9
1270;2022-03-07 23:12:25;20.9;48.9
1271;2022-03-07 23:17:25;20.9;48.9
1272;2022-03-07 23:22:25;20.9;49.4
1273;2022-03-07 23:27:25;20.9;49.4
1274;2022-03-07 23:32:25;20.9;49.4
1275;2022-03-07 23:37:25;20.9;49.4
1276;2022-03-07 23:42:25;20.9;49.4
1277;2022-03-07 23:47:25;20.9;49.4
1278;2022-03-07 23:52:25;20.9;49.4
1279;2022-03-07 23:57:25;20.9;49.4
1280;2022-03-08 00:02:25;20.9;49.4
1281;2022-03-08 00:07:25;20.9;49.4
1282;2022-03-08 00:12:25;20.9;49.4
1283;2022-03-08 00:17:25;20.9;49.9
1284;2022-03-08 00:22:25;20.9;49.9
1285;2022-03-08 00:27:25;20.9;49.9
1286;2022-03-08 00:32:25;20.9;49.9
1287;2022-03-08 00:37:25;20.9;49.9
1288;2022-03-08 00:42:25;20.9;49.9
1289;2022-03-08 00:47:25;20.9;49.9
1290;2022-03-08 00:52:25;20.9;49.9
1291;2022-03-08 00:57:25;20.9;49.9
1292;2022-03-08 01:02:25;20.9;49.9
1293;2022-03-08 01:07:25;20.9;49.9
1294;2022-03-08 01:12:25;20.9;49.9
1295;2022-03-08 01:17:25;20.9;49.9
1296;2022-03-08 01:22:25;20.9;49.9
1297;2022-03-08 01:27:25;20.9;49.9
1298;2022-03-08 01:32:25;20.9;50.4
1299;2022-03-08 01:37:25;20.9;50.4
1300;2022-03-08 01:42:25;20.9;50.4
1301;2022-03-08 01:47:25;20.9;50.4
1302;2022-03-08 01:52:25;20.9;50.4
1303;2022-03-08 01:57:25;20.9;50.4
1304;2022-03-08 02:02:25;20.9;50.4
1305;2022-03-08 02:07:25;20.9;50.4
1306;2022-03-08 02:12:25;20.9;50.4
1307;2022-03-08 02:17:25;20.9;50.4
1308;2022-03-08 02:22:25;20.9;50.4
1309;2022-03-08 02:27:25;20.9;50.4
1310;2022-03-08 02:32:25;20.9;50.4
1311;2022-03-08 02:37:25;20.9;50.4
1312;2022-03-08 02:42:25;20.9;50.4
1313;2022-03-08 02:47:25;20.9;50.4
1314;2022-03-08 02:52:25;20.9;50.4
1315;2022-03-08 02:57:25;20.9;50.4
1316;2022-03-08 03:02:25;20.9;50.4
1317;2022-03-08 03:07:25;20.9;50.4
1318;2022-03-08 03:12:25;20.9;50.4
1319;2022-03-08 03:17:25;20.9;49.9
1320;2022-03-08 03:22:25;20.9;49.9
1321;2022-03-08 03:27:25;20.9;49.9
1322;2022-03-08 03:32:25;20.9;49.9
1323;2022-03-08 03:37:25;20.9;49.9
1324;2022-03-08 03:42:25;20.9;49.9
1325;2022-03-08 03:47:25;20.9;49.9
1326;2022-03-08 03:52:25;20.9;49.9
1327;2022-03-08 03:57:25;20.9;49.9
1328;2022-03-08 04:02:25;20.9;49.9
1329;2022-03-08 04:07:25;20.9;49.9
1330;2022-03-08 04:12:25;20.9;49.9
1331;2022-03-08 04:17:25;20.9;49.9
1332;2022-03-08 04:22:25;20.9;49.9
1333;2022-03-08 04:27:25;20.9;49.9
1334;2022-03-08 04:32:25;20.9;49.9
1335;2022-03-08 04:37:25;20.9;49.9
1336;2022-03-08 04:42:25;20.9;49.4
1337;2022-03-08 04:47:25;20.9;49.4
1338;2022-03-08 04:52:25;20.9;49.4
1339;2022-03-08 04:57:25;20.9;49.4
1340;2022-03-08 05:02:25;20.9;49.4
1341;2022-03-08 05:07:25;20.9;48.9
1342;2022-03-08 05:12:25;20.9;48.9
1343;2022-03-08 05:17:25;20.9;48.9
1344;2022-03-08 05:22:25;20.9;48.9
1345;2022-03-08 05:27:25;20.9;48.9
1346;2022-03-08 05:32:25;20.9;48.9
1347;2022-03-08 05:37:25;20.9;48.9
1348;2022-03-08 05:42:25;20.9;48.9
1349;2022-03-08 05:47:25;20.9;48.4
1350;2022-03-08 05:52:25;20.9;48.4
1351;2022-03-08 05:57:25;20.9;48.4
1352;2022-03-08 06:02:25;20.9;48.4
1353;2022-03-08 06:07:25;20.9;47.9
1354;2022-03-08 06:12:25;20.9;48.4
1355;2022-03-08 06:17:25;20.9;47.9
1356;2022-03-08 06:22:25;20.9;47.9
1357;2022-03-08 06:27:25;20.9;47.9
1358;2022-03-08 06:32:25;20.9;47.9
1359;2022-03-08 06:37:25;20.9;47.9
1360;2022-03-08 06:42:25;20.9;47.9
1361;2022-03-08 06:47:25;20.9;47.9
1362;2022-03-08 06:52:25;20.9;47.9
1363;2022-03-08 06:57:25;20.9;47.9
1364;2022-03-08 07:02:25;20.9;47.9
1365;2022-03-08 07:07:25;20.9;47.9
1366;2022-03-08 07:12:25;20.9;47.9
1367;2022-03-08 07:17:25;20.9;47.3
1368;2022-03-08 07:22:25;20.9;47.4
1369;2022-03-08 07:27:25;20.9;47.3
1370;2022-03-08 07:32:25;20.9;47.3
1371;2022-03-08 07:37:25;20.9;47.3
1372;2022-03-08 07:42:25;20.9;47.3
1373;2022-03-08 07:47:25;20.9;47.3
1374;2022-03-08 07:52:25;20.9;47.3
1375;2022-03-08 07:57:25;20.9;46.8
1376;2022-03-08 08:02:25;20.9;46.8
1377;2022-03-08 08:07:25;20.9;46.8
1378;2022-03-08 08:12:25;20.9;46.8
1379;2022-03-08 08:17:25;20.9;46.8
1380;2022-03-08 08:22:25;20.9;46.8
1381;2022-03-08 08:27:25;20.9;46.8
1382;2022-03-08 08:32:25;20.9;46.8
1383;2022-03-08 08:37:25;20.9;46.8
1384;2022-03-08 08:42:25;20.9;46.8
1385;2022-03-08 08:47:25;20.9;47.3
1386;2022-03-08 08:52:25;20.9;47.9
1387;2022-03-08 08:57:25;20.9;47.9
1388;2022-03-08 09:02:25;20.9;48.4
1389;2022-03-08 09:07:25;20.9;48.9
1390;2022-03-08 09:12:25;20.9;48.9
1391;2022-03-08 09:17:25;20.9;48.4
1392;2022-03-08 09:22:25;20.9;48.4
1393;2022-03-08 09:27:25;20.9;48.9
1394;2022-03-08 09:32:25;20.9;48.9
1395;2022-03-08 09:37:25;20.9;48.9
1396;2022-03-08 09:42:25;20.9;48.9
1397;2022-03-08 09:47:25;20.9;48.9
1398;2022-03-08 09:52:25;20.9;48.9
1399;2022-03-08 09:57:25;20.9;48.9
1400;2022-03-08 10:02:25;20.9;48.9
1401;2022-03-08 10:07:25;20.9;48.9
1402;2022-03-08 10:12:25;20.9;48.9
1403;2022-03-08 10:17:25;20.9;49.4
1404;2022-03-08 10:22:25;20.9;49.4
1405;2022-03-08 10:27:25;20.9;49.9
1406;2022-03-08 10:32:25;20.9;49.9
1407;2022-03-08 10:37:25;20.9;50.4
1408;2022-03-08 10:42:25;20.9;50.4
1409;2022-03-08 10:47:25;20.9;50.9
1410;2022-03-08 10:52:25;20.9;50.9
1411;2022-03-08 10:57:25;20.9;50.9
1412;2022-03-08 11:02:25;20.9;50.4
1413;2022-03-08 11:07:25;20.9;50.4
1414;2022-03-08 11:12:25;20.9;50.9
1415;2022-03-08 11:17:25;20.9;50.9
1416;2022-03-08 11:22:25;20.9;50.9
1417;2022-03-08 11:27:25;20.9;50.9
1418;2022-03-08 11:32:25;20.9;50.9
1419;2022-03-08 11:37:25;20.9;50.9
1420;2022-03-08 11:42:25;20.9;50.9
1421;2022-03-08 11:47:25;20.9;50.9
1422;2022-03-08 11:52:25;20.9;50.9
1423;2022-03-08 11:57:25;20.9;50.9
1424;2022-03-08 12:02:25;20.9;50.9
1425;2022-03-08 12:07:25;20.9;50.9
1426;2022-03-08 12:12:25;20.9;50.9
1427;2022-03-08 12:17:25;20.9;50.9
1428;2022-03-08 12:22:25;20.9;50.9
1429;2022-03-08 12:27:25;20.9;50.9
1430;2022-03-08 12:32:25;20.9;50.9
1431;2022-03-08 12:37:25;20.9;50.9
1432;2022-03-08 12:42:25;20.9;50.9
1433;2022-03-08 12:47:25;20.9;51.4
1434;2022-03-08 12:52:25;20.9;51.4
1435;2022-03-08 12:57:25;20.9;51.4
1436;2022-03-08 13:02:25;20.9;51.4
1437;2022-03-08 13:07:25;20.9;50.9
1438;2022-03-08 13:12:25;20.9;50.4
1439;2022-03-08 13:17:25;20.9;50.4
1440;2022-03-08 13:22:25;20.9;50.4
1441;2022-03-08 13:27:25;20.9;50.4
1442;2022-03-08 13:32:25;20.9;50.4
1443;2022-03-08 13:37:25;20.9;49.9
1444;2022-03-08 13:42:25;20.9;49.9
1445;2022-03-08 13:47:25;20.9;49.9
1446;2022-03-08 13:52:25;20.9;49.9
1447;2022-03-08 13:57:25;20.9;49.9
1448;2022-03-08 14:02:25;20.9;49.9
1449;2022-03-08 14:07:25;20.9;49.4
1450;2022-03-08 14:12:25;20.9;49.4
1451;2022-03-08 14:17:25;20.9;49.4
1452;2022-03-08 14:22:25;20.9;49.4
1453;2022-03-08 14:27:25;20.9;49.4
1454;2022-03-08 14:32:25;20.9;48.9
1455;2022-03-08 14:37:25;20.9;48.4
1456;2022-03-08 14:42:25;20.9;47.9
1457;2022-03-08 14:47:25;20.9;47.9
1458;2022-03-08 14:52:25;20.9;47.9
1459;2022-03-08 14:57:25;20.9;47.9
1460;2022-03-08 15:02:25;20.9;47.9
1461;2022-03-08 15:07:25;20.9;47.9
1462;2022-03-08 15:12:25;20.9;47.3
1463;2022-03-08 15:17:25;20.9;46.8
1464;2022-03-08 15:22:25;20.9;46.8
1465;2022-03-08 15:27:25;20.9;46.8
1466;2022-03-08 15:32:25;20.9;46.3
1467;2022-03-08 15:37:25;20.9;46.8
1468;2022-03-08 15:42:25;20.9;46.8
1469;2022-03-08 15:47:25;20.9;46.3
1470;2022-03-08 15:52:25;20.9;46.8
1471;2022-03-08 15:57:25;20.9;46.8
1472;2022-03-08 16:02:25;20.9;46.3
1473;2022-03-08 16:07:25;20.9;46.3
1474;2022-03-08 16:12:25;20.9;46.8
1475;2022-03-08 16:17:25;20.9;46.3
1476;2022-03-08 16:22:25;20.9;46.3
1477;2022-03-08 16:27:25;20.9;46.3
1478;2022-03-08 16:32:25;20.9;46.3
1479;2022-03-08 16:37:25;20.9;46.8
1480;2022-03-08 16:42:25;20.9;46.3
1481;2022-03-08 16:47:25;20.9;46.3
1482;2022-03-08 16:52:25;20.9;46.8
1483;2022-03-08 16:57:25;20.9;46.8
1484;2022-03-08 17:02:25;20.9;46.8
1485;2022-03-08 17:07:25;20.9;46.8
1486;2022-03-08 17:12:25;20.9;46.8
1487;2022-03-08 17:17:25;20.9;46.8
1488;2022-03-08 17:22:25;20.9;46.8
1489;2022-03-08 17:27:25;20.9;46.8
1490;2022-03-08 17:32:25;20.9;46.8
1491;2022-03-08 17:37:25;20.9;46.3
1492;2022-03-08 17:42:25;20.9;46.8
1493;2022-03-08 17:47:25;20.9;46.3
1494;2022-03-08 17:52:25;20.9;46.8
1495;2022-03-08 17:57:25;20.9;46.8
1496;2022-03-08 18:02:25;20.9;46.3
1497;2022-03-08 18:07:25;20.9;46.8
1498;2022-03-08 18:12:25;20.9;46.3
1499;2022-03-08 18:17:25;20.9;45.8
1500;2022-03-08 18:22:25;20.9;45.8
1501;2022-03-08 18:27:25;20.9;45.8
1502;2022-03-08 18:32:25;20.9;45.8
1503;2022-03-08 18:37:25;20.9;45.8
1504;2022-03-08 18:42:25;20.9;45.8
1505;2022-03-08 18:47:25;20.9;45.8
1506;2022-03-08 18:52:25;20.9;45.8
1507;2022-03-08 18:57:25;20.9;45.3
1508;2022-03-08 19:02:25;20.9;45.8
1509;2022-03-08 19:07:25;20.9;45.8
1510;2022-03-08 19:12:25;20.9;46.3
1511;2022-03-08 19:17:25;20.9;46.8
1512;2022-03-08 19:22:25;20.9;46.8
1513;2022-03-08 19:27:25;20.9;46.8
1514;2022-03-08 19:32:25;20.9;46.8
1515;2022-03-08 19:37:25;20.9;47.3
1516;2022-03-08 19:42:25;20.9;47.9
1517;2022-03-08 19:47:25;20.9;47.9
1518;2022-03-08 19:52:25;20.9;47.9
1519;2022-03-08 19:57:25;20.9;48.4
1520;2022-03-08 20:02:25;20.9;48.4
1521;2022-03-08 20:07:25;20.9;48.9
1522;2022-03-08 20:12:25;20.9;48.9
1523;2022-03-08 20:17:25;20.9;48.9
1524;2022-03-08 20:22:25;20.9;48.9
1525;2022-03-08 20:27:25;20.9;48.9
1526;2022-03-08 20:32:25;20.9;48.9
1527;2022-03-08 20:37:25;20.9;49.4
1528;2022-03-08 20:42:25;20.9;49.4
1529;2022-03-08 20:47:25;20.9;49.4
1530;2022-03-08 20:52:25;20.9;49.4
1531;2022-03-08 20:57:25;20.9;49.9
1532;2022-03-08 21:02:25;20.9;49.9
1533;2022-03-08 21:07:25;21;49.9
1534;2022-03-08 21:12:25;21;49.9
1535;2022-03-08 21:17:25;21;49.9
1536;2022-03-08 21:22:25;21;49.9
1537;2022-03-08 21:27:25;21;49.9
1538;2022-03-08 21:32:25;21;49.9
1539;2022-03-08 21:37:25;21;49.9
1540;2022-03-08 21:42:25;21;49.9
1541;2022-03-08 21:47:25;21;49.9
1542;2022-03-08 21:52:25;21;49.9
1543;2022-03-08 21:57:25;21;49.9
1544;2022-03-08 22:02:25;21;49.9
1545;2022-03-08 22:07:25;21;49.9
1546;2022-03-08 22:12:25;21;50.4
1547;2022-03-08 22:17:25;21;50.4
1548;2022-03-08 22:22:25;21;50.4
1549;2022-03-08 22:27:25;21;50.4
1550;2022-03-08 22:32:25;21;50.4
1551;2022-03-08 22:37:25;21;50.4
1552;2022-03-08 22:42:25;21;50.4
1553;2022-03-08 22:47:25;21;50.4
1554;2022-03-08 22:52:25;21;50.4
1555;2022-03-08 22:57:25;21;50.4
1556;2022-03-08 23:02:25;21;50.4
1557;2022-03-08 23:07:25;21;50.4
1558;2022-03-08 23:12:25;21;50.4
1559;2022-03-08 23:17:25;21;50.9
1560;2022-03-08 23:22:25;21;50.9
1561;2022-03-08 23:27:25;21;50.9
1562;2022-03-08 23:32:25;21;51
1563;2022-03-08 23:37:25;21;50.9
1564;2022-03-08 23:42:25;21;51
1565;2022-03-08 23:47:25;21;50.9
1566;2022-03-08 23:52:25;21;50.9
1567;2022-03-08 23:57:25;21;50.9
1568;2022-03-09 00:02:25;21;50.9
1569;2022-03-09 00:07:25;21;50.9
1570;2022-03-09 00:12:25;21;50.9
1571;2022-03-09 00:17:25;21;50.9
1572;2022-03-09 00:22:25;21;50.9
1573;2022-03-09 00:27:25;21;50.9
1574;2022-03-09 00:32:25;21;51
1575;2022-03-09 00:37:25;21;50.9
1576;2022-03-09 00:42:25;21;50.9
1577;2022-03-09 00:47:25;21;51
1578;2022-03-09 00:52:25;21;50.9
1579;2022-03-09 00:57:25;21;51
1580;2022-03-09 01:02:25;21;50.9
1581;2022-03-09 01:07:25;21;51
1582;2022-03-09 01:12:25;21;50.9
1583;2022-03-09 01:17:25;21;50.9
1584;2022-03-09 01:22:25;21;51
1585;2022-03-09 01:27:25;21;51
1586;2022-03-09 01:32:25;21;50.9
1587;2022-03-09 01:37:25;21;51.5
1588;2022-03-09 01:42:25;21;51.5
1589;2022-03-09 01:47:25;21;51.5
1590;2022-03-09 01:52:25;21;51.5
1591;2022-03-09 01:57:25;21;51.5
1592;2022-03-09 02:02:25;21;51
1593;2022-03-09 02:07:25;21;50.9
1594;2022-03-09 02:12:25;21;51
1595;2022-03-09 02:17:25;21;50.9
1596;2022-03-09 02:22:25;21;50.9
1597;2022-03-09 02:27:25;21;50.9
1598;2022-03-09 02:32:25;21;50.9
1599;2022-03-09 02:37:25;21;50.9
1600;2022-03-09 02:42:25;21;50.9
1601;2022-03-09 02:47:25;21;50.9
1602;2022-03-09 02:52:25;21;50.4
1603;2022-03-09 02:57:25;21;50.4
1604;2022-03-09 03:02:25;21;50.4
1605;2022-03-09 03:07:25;21;50.4
1606;2022-03-09 03:12:25;21;50.4
1607;2022-03-09 03:17:25;21;49.9
1608;2022-03-09 03:22:25;21;49.9
1609;2022-03-09 03:27:25;21;49.9
1610;2022-03-09 03:32:25;21;49.9
1611;2022-03-09 03:37:25;21;49.9
1612;2022-03-09 03:42:25;21;49.9
1613;2022-03-09 03:47:25;21;49.9
1614;2022-03-09 03:52:25;21;49.9
1615;2022-03-09 03:57:25;21;49.9
1616;2022-03-09 04:02:25;21;49.9
1617;2022-03-09 04:07:25;21;49.9
1618;2022-03-09 04:12:25;21;49.4
1619;2022-03-09 04:17:25;21;49.4
1620;2022-03-09 04:22:25;21;49.4
1621;2022-03-09 04:27:25;21;49.4
1622;2022-03-09 04:32:25;21;48.9
1623;2022-03-09 04:37:25;21;48.9
1624;2022-03-09 04:42:25;21;48.9
1625;2022-03-09 04:47:25;21;48.9
1626;2022-03-09 04:52:25;21;48.9
1627;2022-03-09 04:57:25;21;48.9
1628;2022-03-09 05:02:25;20.9;48.9
1629;2022-03-09 05:07:25;20.9;48.9
1630;2022-03-09 05:12:25;20.9;48.9
1631;2022-03-09 05:17:25;20.9;48.9
1632;2022-03-09 05:22:25;20.9;48.9
1633;2022-03-09 05:27:25;20.9;48.9
1634;2022-03-09 05:32:25;20.9;48.9
1635;2022-03-09 05:37:25;20.9;48.9
1636;2022-03-09 05:42:25;20.9;48.9
1637;2022-03-09 05:47:25;20.9;48.9
1638;2022-03-09 05:52:25;20.9;48.9
1639;2022-03-09 05:57:25;20.9;48.4
1640;2022-03-09 06:02:25;20.9;48.4
1641;2022-03-09 06:07:25;20.9;48.4
1642;2022-03-09 06:12:25;20.9;48.4
1643;2022-03-09 06:17:25;20.9;48.4
1644;2022-03-09 06:22:25;20.9;47.9
1645;2022-03-09 06:27:25;20.9;47.9
1646;2022-03-09 06:32:25;20.9;47.9
1647;2022-03-09 06:37:25;20.9;47.9
1648;2022-03-09 06:42:25;20.9;47.9
1649;2022-03-09 06:47:25;20.9;47.9
1650;2022-03-09 06:52:25;20.9;47.9
1651;2022-03-09 06:57:25;20.9;47.9
1652;2022-03-09 07:02:25;20.9;47.9
1653;2022-03-09 07:07:25;20.9;47.9
1654;2022-03-09 07:12:25;20.9;47.9
1655;2022-03-09 07:17:25;20.9;47.9
1656;2022-03-09 07:22:25;20.9;47.9
1657;2022-03-09 07:27:25;20.9;47.9
1658;2022-03-09 07:32:25;20.9;47.9
1659;2022-03-09 07:37:25;20.9;47.4
1660;2022-03-09 07:42:25;20.9;47.4
1661;2022-03-09 07:47:25;20.9;47.3
1662;2022-03-09 07:52:25;20.9;47.3
1663;2022-03-09 07:57:25;20.9;47.4
1664;2022-03-09 08:02:25;20.9;47.3
1665;2022-03-09 08:07:25;20.9;47.3
1666;2022-03-09 08:12:25;20.9;47.3
1667;2022-03-09 08:17:25;20.9;47.3
1668;2022-03-09 08:22:25;20.9;47.3
1669;2022-03-09 08:27:25;20.9;47.3
1670;2022-03-09 08:32:25;20.9;47.9
1671;2022-03-09 08:37:25;20.9;47.9
1672;2022-03-09 08:42:25;20.9;47.9
1673;2022-03-09 08:47:25;20.9;47.9
1674;2022-03-09 08:52:25;20.9;47.9
1675;2022-03-09 08:57:25;20.9;48.4
1676;2022-03-09 09:02:25;20.9;48.4
1677;2022-03-09 09:07:25;20.9;49.4
1678;2022-03-09 09:12:25;20.9;49.4
1679;2022-03-09 09:17:25;20.9;49.4
1680;2022-03-09 09:22:25;20.9;49.4
1681;2022-03-09 09:27:25;20.9;48.9
1682;2022-03-09 09:32:25;20.9;48.9
1683;2022-03-09 09:37:25;20.9;48.9
1684;2022-03-09 09:42:25;20.9;48.9
1685;2022-03-09 09:47:25;20.9;49.4
1686;2022-03-09 09:52:25;20.9;49.4
1687;2022-03-09 09:57:25;20.9;49.9
1688;2022-03-09 10:02:25;20.9;49.9
1689;2022-03-09 10:07:25;20.9;49.9
1690;2022-03-09 10:12:25;20.9;49.4
1691;2022-03-09 10:17:25;20.9;49.9
1692;2022-03-09 10:22:25;20.9;49.9
1693;2022-03-09 10:27:25;20.9;49.9
1694;2022-03-09 10:32:25;20.9;49.9
1695;2022-03-09 10:37:25;20.9;49.9
1696;2022-03-09 10:42:25;20.9;50.4
1697;2022-03-09 10:47:25;20.9;50.4
1698;2022-03-09 10:52:25;20.9;49.9
1699;2022-03-09 10:57:25;20.9;50.4
1700;2022-03-09 11:02:25;20.9;50.9
1701;2022-03-09 11:07:25;20.9;50.9
1702;2022-03-09 11:12:25;20.9;50.9
1703;2022-03-09 11:17:25;20.9;50.9
1704;2022-03-09 11:22:25;20.9;50.9
1705;2022-03-09 11:27:25;20.9;50.9
1706;2022-03-09 11:32:25;20.9;50.9
1707;2022-03-09 11:37:25;20.9;50.9
1708;2022-03-09 11:42:25;20.9;50.9
1709;2022-03-09 11:47:25;20.9;50.9
1710;2022-03-09 11:52:25;20.9;51.4
1711;2022-03-09 11:57:25;20.9;51.4
1712;2022-03-09 12:02:25;20.9;51.4
1713;2022-03-09 12:07:25;20.9;50.9
1714;2022-03-09 12:12:25;20.9;50.9
1715;2022-03-09 12:17:25;20.9;51.4
1716;2022-03-09 12:22:25;20.9;51.4
1717;2022-03-09 12:27:25;20.9;51.4
1718;2022-03-09 12:32:25;20.9;50.9
1719;2022-03-09 12:37:25;20.9;51.4
1720;2022-03-09 12:42:25;20.9;50.9
1721;2022-03-09 12:47:25;20.9;50.4
1722;2022-03-09 12:52:25;20.9;49.9
1723;2022-03-09 12:57:25;20.9;50.4
1724;2022-03-09 13:02:25;20.9;50.9
1725;2022-03-09 13:07:25;20.9;50.9
1726;2022-03-09 13:12:25;20.9;50.9
1727;2022-03-09 13:17:25;20.9;50.9
1728;2022-03-09 13:22:25;20.9;50.9
1729;2022-03-09 13:27:25;20.9;50.4
1730;2022-03-09 13:32:25;20.9;49.9
1731;2022-03-09 13:37:25;20.9;49.9
1732;2022-03-09 13:42:25;20.9;49.9
1733;2022-03-09 13:47:25;20.9;48.9
1734;2022-03-09 13:52:25;20.9;48.9
1735;2022-03-09 13:57:25;20.9;48.9
1736;2022-03-09 14:02:25;20.9;48.9
1737;2022-03-09 14:07:25;20.9;48.9
1738;2022-03-09 14:12:25;20.9;48.9
1739;2022-03-09 14:17:25;20.9;48.9
1740;2022-03-09 14:22:25;20.9;48.9
1741;2022-03-09 14:27:25;20.9;48.4
1742;2022-03-09 14:32:25;20.9;47.9
1743;2022-03-09 14:37:25;20.9;47.9
1744;2022-03-09 14:42:25;20.9;47.3
1745;2022-03-09 14:47:25;20.9;46.8
1746;2022-03-09 14:52:25;20.9;47.3
1747;2022-03-09 14:57:25;20.9;47.3
1748;2022-03-09 15:02:25;20.9;47.3
1749;2022-03-09 15:07:25;20.9;47.9
1750;2022-03-09 15:12:25;20.9;47.3
1751;2022-03-09 15:17:25;20.9;46.8
1752;2022-03-09 15:22:25;20.9;46.8
1753;2022-03-09 15:27:25;20.9;46.8
1754;2022-03-09 15:32:25;20.9;46.8
1755;2022-03-09 15:37:25;20.9;46.8
1756;2022-03-09 15:42:25;20.9;46.8
1757;2022-03-09 15:47:25;20.9;46.8
1758;2022-03-09 15:52:25;20.9;46.3
1759;2022-03-09 15:57:25;20.9;45.8
1760;2022-03-09 16:02:25;20.9;46.3
1761;2022-03-09 16:07:25;20.9;46.3
1762;2022-03-09 16:12:25;20.9;46.8
1763;2022-03-09 16:17:25;20.9;46.3
1764;2022-03-09 16:22:25;20.9;46.3
1765;2022-03-09 16:27:25;20.9;46.8
1766;2022-03-09 16:32:25;20.9;46.3
1767;2022-03-09 16:37:25;20.9;45.8
1768;2022-03-09 16:42:25;20.9;45.8
1769;2022-03-09 16:47:25;20.9;45.8
1770;2022-03-09 16:52:25;20.9;45.3
1771;2022-03-09 16:57:25;20.9;45.3
1772;2022-03-09 17:02:25;20.9;45.3
1773;2022-03-09 17:07:25;20.9;45.3
1774;2022-03-09 17:12:25;20.9;45.3
1775;2022-03-09 17:17:25;20.9;45.3
1776;2022-03-09 17:22:25;20.9;44.7
1777;2022-03-09 17:27:25;20.9;44.7
1778;2022-03-09 17:32:25;20.9;44.7
1779;2022-03-09 17:37:25;20.8;44.7
1780;2022-03-09 17:42:25;20.8;44.7
1781;2022-03-09 17:47:25;20.8;44.7
1782;2022-03-09 17:52:25;20.8;44.7
1783;2022-03-09 17:57:25;20.8;44.7
1784;2022-03-09 18:02:25;20.8;44.7
1785;2022-03-09 18:07:25;20.8;45.8
1786;2022-03-09 18:12:25;20.8;45.8
1787;2022-03-09 18:17:25;20.8;45.8
1788;2022-03-09 18:22:25;20.8;45.8
1789;2022-03-09 18:27:25;20.8;45.8
1790;2022-03-09 18:32:25;20.8;45.8
1791;2022-03-09 18:37:25;20.9;46.8
1792;2022-03-09 18:42:25;20.9;46.3
1793;2022-03-09 18:47:25;20.9;46.8
1794;2022-03-09 18:52:25;20.9;47.3
1795;2022-03-09 18:57:25;20.9;47.3
1796;2022-03-09 19:02:25;20.9;47.3
1797;2022-03-09 19:07:25;20.9;46.8
1798;2022-03-09 19:12:25;20.8;46.8
1799;2022-03-09 19:17:25;20.8;46.3
1800;2022-03-09 19:22:25;20.9;46.8
1801;2022-03-09 19:27:25;20.9;46.8
1802;2022-03-09 19:32:25;20.9;47.3
1803;2022-03-09 19:37:25;20.9;47.3
1804;2022-03-09 19:42:25;20.9;47.9
1805;2022-03-09 19:47:25;20.9;47.9
1806;2022-03-09 19:52:25;20.9;47.9
1807;2022-03-09 19:57:25;20.9;47.9
1808;2022-03-09 20:02:25;20.9;47.9
1809;2022-03-09 20:07:25;20.9;47.9
1810;2022-03-09 20:12:25;20.9;47.9
1811;2022-03-09 20:17:25;20.9;48.4
1812;2022-03-09 20:22:25;20.9;48.4
1813;2022-03-09 20:27:25;20.9;48.4
1814;2022-03-09 20:32:25;20.9;48.9
1815;2022-03-09 20:37:25;20.9;48.9
1816;2022-03-09 20:42:25;20.9;48.9
1817;2022-03-09 20:47:25;20.9;48.9
1818;2022-03-09 20:52:25;20.9;48.9
1819;2022-03-09 20:57:25;20.9;48.9
1820;2022-03-09 21:02:25;20.9;48.9
1821;2022-03-09 21:07:25;20.9;48.9
1822;2022-03-09 21:12:25;20.9;49.4
1823;2022-03-09 21:17:25;20.9;49.4
1824;2022-03-09 21:22:25;20.9;49.4
1825;2022-03-09 21:27:25;20.9;49.4
1826;2022-03-09 21:32:25;20.9;49.4
1827;2022-03-09 21:37:25;20.9;49.4
1828;2022-03-09 21:42:25;20.9;49.4
1829;2022-03-09 21:47:25;20.9;49.9
1830;2022-03-09 21:52:25;20.9;49.9
1831;2022-03-09 21:57:25;20.9;49.9
1832;2022-03-09 22:02:25;20.9;49.9
1833;2022-03-09 22:07:25;20.9;49.9
1834;2022-03-09 22:12:25;20.9;49.9
1835;2022-03-09 22:17:25;20.9;49.9
1836;2022-03-09 22:22:25;20.9;49.9
1837;2022-03-09 22:27:25;20.9;49.9
1838;2022-03-09 22:32:25;20.9;49.9
1839;2022-03-09 22:37:25;20.9;49.9
1840;2022-03-09 22:42:25;20.9;49.9
1841;2022-03-09 22:47:25;20.9;49.9
1842;2022-03-09 22:52:25;20.9;49.9
1843;2022-03-09 22:57:25;20.9;49.9
1844;2022-03-09 23:02:25;21;49.9
1845;2022-03-09 23:07:25;21;49.9
1846;2022-03-09 23:12:25;21;49.9
1847;2022-03-09 23:17:25;21;49.9
1848;2022-03-09 23:22:25;21;49.9
1849;2022-03-09 23:27:25;21;50.4
1850;2022-03-09 23:32:25;21;50.4
1851;2022-03-09 23:37:25;21;50.4
1852;2022-03-09 23:42:25;21;50.4
1853;2022-03-09 23:47:25;21;50.4
1854;2022-03-09 23:52:25;21;50.4
1855;2022-03-09 23:57:25;21;50.4
1856;2022-03-10 00:02:25;21;50.4
1857;2022-03-10 00:07:25;21;50.4
1858;2022-03-10 00:12:25;21;50.4
1859;2022-03-10 00:17:25;21;50.4
1860;2022-03-10 00:22:25;21;50.4
1861;2022-03-10 00:27:25;21;50.4
1862;2022-03-10 00:32:25;21;50.4
1863;2022-03-10 00:37:25;21;50.9
1864;2022-03-10 00:42:25;21;50.9
1865;2022-03-10 00:47:25;21;50.9
1866;2022-03-10 00:52:25;21;50.9
1867;2022-03-10 00:57:25;21;50.9
1868;2022-03-10 01:02:25;21;50.9
1869;2022-03-10 01:07:25;21;51
1870;2022-03-10 01:12:25;21;50.9
1871;2022-03-10 01:17:25;21;50.9
1872;2022-03-10 01:22:25;21;50.9
1873;2022-03-10 01:27:25;21;50.9
1874;2022-03-10 01:32:25;21;50.9
1875;2022-03-10 01:37:25;21;50.9
1876;2022-03-10 01:42:25;21;50.9
1877;2022-03-10 01:47:25;21;50.9
1878;2022-03-10 01:52:25;21;50.9
1879;2022-03-10 01:57:25;21;50.9
1880;2022-03-10 02:02:25;21;50.9
1881;2022-03-10 02:07:25;21;50.9
1882;2022-03-10 02:12:25;21;50.9
1883;2022-03-10 02:17:25;21;50.9
1884;2022-03-10 02:22:25;21;50.9
1885;2022-03-10 02:27:25;21;50.9
1886;2022-03-10 02:32:25;21;50.9
1887;2022-03-10 02:37:25;21;50.9
1888;2022-03-10 02:42:25;21;50.9
1889;2022-03-10 02:47:25;21;50.9
1890;2022-03-10 02:52:25;21;50.9
1891;2022-03-10 02:57:25;21;50.9
1892;2022-03-10 03:02:25;21;50.9
1893;2022-03-10 03:07:25;21;50.9
1894;2022-03-10 03:12:25;21;50.9
1895;2022-03-10 03:17:25;21;50.9
1896;2022-03-10 03:22:25;21;50.9
1897;2022-03-10 03:27:25;21;50.9
1898;2022-03-10 03:32:25;21;50.9
1899;2022-03-10 03:37:25;21;50.9
1900;2022-03-10 03:42:25;21;50.9
1901;2022-03-10 03:47:25;21;50.9
1902;2022-03-10 03:52:25;21;50.9
1903;2022-03-10 03:57:25;21;50.9
1904;2022-03-10 04:02:25;21;50.9
1905;2022-03-10 04:07:25;21;50.9
1906;2022-03-10 04:12:25;21;50.9
1907;2022-03-10 04:17:25;21;50.9
1908;2022-03-10 04:22:25;21;50.9
1909;2022-03-10 04:27:25;21;50.9
1910;2022-03-10 04:32:25;21;50.4
1911;2022-03-10 04:37:25;21;50.9
1912;2022-03-10 04:42:25;21;50.9
1913;2022-03-10 04:47:25;21;50.4
1914;2022-03-10 04:52:25;21;50.4
1915;2022-03-10 04:57:25;21;50.4
1916;2022-03-10 05:02:25;21;50.4
1917;2022-03-10 05:07:25;21;50.4
1918;2022-03-10 05:12:25;21;49.9
1919;2022-03-10 05:17:25;21;49.9
1920;2022-03-10 05:22:25;21;49.9
1921;2022-03-10 05:27:25;21;49.9
1922;2022-03-10 05:32:25;21;49.9
1923;2022-03-10 05:37:25;21;49.9
1924;2022-03-10 05:42:25;21;49.9
1925;2022-03-10 05:47:25;21;49.9
1926;2022-03-10 05:52:25;21;49.9
1927;2022-03-10 05:57:25;21;49.9
1928;2022-03-10 06:02:25;21;49.9
1929;2022-03-10 06:07:25;21;49.9
1930;2022-03-10 06:12:25;21;49.9
1931;2022-03-10 06:17:25;21;49.9
1932;2022-03-10 06:22:25;21;49.9
1933;2022-03-10 06:27:25;21;49.9
1934;2022-03-10 06:32:25;21;49.9
1935;2022-03-10 06:37:25;21;49.9
1936;2022-03-10 06:42:25;21;49.9
1937;2022-03-10 06:47:25;21;49.4
1938;2022-03-10 06:52:25;21;49.4
1939;2022-03-10 06:57:25;21;49.4
1940;2022-03-10 07:02:25;21;49.9
1941;2022-03-10 07:07:25;21;49.4
1942;2022-03-10 07:12:25;21;49.9
1943;2022-03-10 07:17:25;21;49.4
1944;2022-03-10 07:22:25;21;49.9
1945;2022-03-10 07:27:25;20.9;49.9
1946;2022-03-10 07:32:25;20.9;49.4
1947;2022-03-10 07:37:25;20.9;49.4
1948;2022-03-10 07:42:25;20.9;49.4
1949;2022-03-10 07:47:25;20.9;49.4
1950;2022-03-10 07:52:25;20.9;49.4
1951;2022-03-10 07:57:25;20.9;49.4
1952;2022-03-10 08:02:25;20.9;49.4
1953;2022-03-10 08:07:25;20.9;49.4
1954;2022-03-10 08:12:25;20.9;49.4
1955;2022-03-10 08:17:25;20.9;49.4
1956;2022-03-10 08:22:25;20.9;49.4
1957;2022-03-10 08:27:25;20.9;49.4
1958;2022-03-10 08:32:25;20.9;49.4
1959;2022-03-10 08:37:25;20.9;48.9
1960;2022-03-10 08:42:25;20.9;48.9
1961;2022-03-10 08:47:25;20.9;49.4
1962;2022-03-10 08:52:25;20.9;49.9
1963;2022-03-10 08:57:25;20.9;49.9
1964;2022-03-10 09:02:25;20.9;49.9
1965;2022-03-10 09:07:25;20.9;49.9
1966;2022-03-10 09:12:25;20.9;49.9
1967;2022-03-10 09:17:25;20.9;49.9
1968;2022-03-10 09:22:25;20.9;49.9
1969;2022-03-10 09:27:25;20.9;49.9
1970;2022-03-10 09:32:25;20.9;49.9
1971;2022-03-10 09:37:25;20.9;49.9
1972;2022-03-10 09:42:25;20.9;49.9
1973;2022-03-10 09:47:25;20.9;49.9
1974;2022-03-10 09:52:25;20.9;49.9
1975;2022-03-10 09:57:25;20.9;49.9
1976;2022-03-10 10:02:25;20.9;49.9
1977;2022-03-10 10:07:25;20.9;49.9
1978;2022-03-10 10:12:25;20.9;50.4
1979;2022-03-10 10:17:25;20.9;50.4
1980;2022-03-10 10:22:25;20.9;50.4
1981;2022-03-10 10:27:25;20.9;50.4
1982;2022-03-10 10:32:25;20.9;50.4
1983;2022-03-10 10:37:25;20.9;50.4
1984;2022-03-10 10:42:25;20.9;50.9
1985;2022-03-10 10:47:25;20.9;50.9
1986;2022-03-10 10:52:25;20.9;50.9
1987;2022-03-10 10:57:25;20.9;50.9
1988;2022-03-10 11:02:25;20.9;50.9
1989;2022-03-10 11:07:25;20.9;50.9
1990;2022-03-10 11:12:25;20.9;51.4
1991;2022-03-10 11:17:25;20.9;51.4
1992;2022-03-10 11:22:25;20.9;51.4
1993;2022-03-10 11:27:25;20.9;50.9
1994;2022-03-10 11:32:25;20.9;51.4
1995;2022-03-10 11:37:25;20.9;51.4
1996;2022-03-10 11:42:25;20.9;51.4
1997;2022-03-10 11:47:25;20.9;52
1998;2022-03-10 11:52:25;20.9;52
1999;2022-03-10 11:57:25;20.9;50.9
2000;2022-03-10 12:02:25;20.9;51.4
2001;2022-03-10 12:07:25;20.9;51.4
2002;2022-03-10 12:12:25;20.9;51.4
2003;2022-03-10 12:17:25;20.9;52
2004;2022-03-10 12:22:25;20.9;52
2005;2022-03-10 12:27:25;20.9;52
2006;2022-03-10 12:32:25;20.9;51.4
2007;2022-03-10 12:37:25;20.9;51.4
2008;2022-03-10 12:42:25;20.9;51.4
2009;2022-03-10 12:47:25;20.9;51.4
2010;2022-03-10 12:52:25;20.9;51.4
2011;2022-03-10 12:57:25;20.9;50.9
2012;2022-03-10 13:02:25;20.9;50.9
2013;2022-03-10 13:07:25;20.9;50.4
2014;2022-03-10 13:12:25;20.9;49.9
2015;2022-03-10 13:17:25;20.9;50.4
2016;2022-03-10 13:22:25;20.9;49.9
2017;2022-03-10 13:27:25;20.9;49.4
2018;2022-03-10 13:32:25;20.9;48.9
2019;2022-03-10 13:37:25;20.9;48.9
2020;2022-03-10 13:42:25;20.9;48.4
2021;2022-03-10 13:47:25;20.9;47.9
2022;2022-03-10 13:52:25;20.9;47.9
2023;2022-03-10 13:57:25;20.9;47.9
2024;2022-03-10 14:02:25;20.9;47.9
2025;2022-03-10 14:07:25;20.9;47.4
2026;2022-03-10 14:12:25;20.9;47.4
2027;2022-03-10 14:17:25;20.9;47.9
2028;2022-03-10 14:22:25;20.9;47.4
2029;2022-03-10 14:27:25;20.9;46.8
2030;2022-03-10 14:32:25;20.9;46.8
2031;2022-03-10 14:37:25;20.9;46.8
2032;2022-03-10 14:42:25;20.9;46.8
2033;2022-03-10 14:47:25;20.9;46.3
2034;2022-03-10 14:52:25;20.9;45.8
2035;2022-03-10 14:57:25;20.9;45.8
2036;2022-03-10 15:00:00;20.9;45.8
2037;2022-03-10 15:07:25;20.9;45.8
2038;2022-03-10 15:12:25;20.9;45.8
2039;2022-03-10 15:17:25;20.9;45.8
2040;2022-03-10 15:22:25;20.9;45.8
2041;2022-03-10 15:27:25;20.9;45.8
2042;2022-03-10 15:32:25;20.9;45.8
2043;2022-03-10 15:37:25;20.9;45.8
2044;2022-03-10 15:42:25;20.9;45.8
2045;2022-03-10 15:47:25;20.9;45.8
2046;2022-03-10 15:52:25;20.9;45.8
2047;2022-03-10 15:57:25;20.9;45.8
2048;2022-03-10 16:02:25;20.9;45.8
2049;2022-03-10 16:07:25;20.9;45.8
2050;2022-03-10 16:12:25;20.9;45.8
2051;2022-03-10 16:17:25;21.4;48.9
2052;2022-03-10 16:22:25;22;45.4
2053;2022-03-10 16:27:25;21.9;44.9
2054;2022-03-10 16:32:25;22.1;45.9
2055;2022-03-10 16:37:25;22.4;47
2056;2022-03-10 16:42:25;23;46.1
2057;2022-03-10 16:47:25;23.5;45.1
2058;2022-03-10 16:52:25;24;44.6
2059;2022-03-10 16:57:25;24.6;44.1
2060;2022-03-10 17:02:25;25.2;41
2061;2022-03-10 17:07:25;25.2;39.9
2062;2022-03-10 17:12:25;25;39.9
2063;2022-03-10 17:17:25;24.7;39.8
2064;2022-03-10 17:22:25;24.5;39.8
2065;2022-03-10 17:27:25;24.2;40.3
2066;2022-03-10 17:32:25;24;40.8
2067;2022-03-10 17:37:25;23.8;40.8
2068;2022-03-10 17:42:25;23.9;41.9
2069;2022-03-10 17:47:25;23.9;41.9
2070;2022-03-10 17:52:25;23.9;41.9
2071;2022-03-10 17:57:25;24;41.9
2072;2022-03-10 18:02:25;23.9;41.9
2073;2022-03-10 18:07:25;23.9;42.4
2074;2022-03-10 18:12:25;23.9;42.4
2075;2022-03-10 18:17:25;23.9;42.4
2076;2022-03-10 18:22:25;23.9;42.4
2077;2022-03-10 18:27:25;23.8;42.4
2078;2022-03-10 18:32:25;23.8;42.4
2079;2022-03-10 18:37:25;23.7;42.4
2080;2022-03-10 18:42:25;23.7;42.9
2081;2022-03-10 18:47:25;23.6;42.9
2082;2022-03-10 18:52:25;23.5;42.9
2083;2022-03-10 18:57:25;23.5;42.9
2084;2022-03-10 19:02:25;23.5;42.9
2085;2022-03-10 19:07:25;23.5;42.9
2086;2022-03-10 19:12:25;23.4;42.9
2087;2022-03-10 19:17:25;23.4;42.9
2088;2022-03-10 19:22:25;23.3;42.9
2089;2022-03-10 19:27:25;23.3;42.9
2090;2022-03-10 19:32:25;23.3;43.4
2091;2022-03-10 19:37:25;23.5;42.9
2092;2022-03-10 19:42:25;23.5;42.9
2093;2022-03-10 19:47:25;23.5;42.9
2094;2022-03-10 19:52:25;23.4;43.4
2095;2022-03-10 19:57:25;23.3;43.4
2096;2022-03-10 20:02:25;23.3;44
2097;2022-03-10 20:07:25;23.4;43.4
2098;2022-03-10 20:12:25;23.5;43.5
2099;2022-03-10 20:17:25;23.5;43.5
2100;2022-03-10 20:22:25;23.6;43.5
2101;2022-03-10 20:27:25;23.7;43.5
2102;2022-03-10 20:32:25;23.8;43.5
2103;2022-03-10 20:37:25;23.9;43.5
2104;2022-03-10 20:42:25;24;43.5
2105;2022-03-10 20:47:25;24.1;43.5
2106;2022-03-10 20:52:25;24.3;44.1
2107;2022-03-10 20:57:25;24.3;44.1
2108;2022-03-10 21:02:25;24.4;44.6
2109;2022-03-10 21:07:25;24.5;45.2
2110;2022-03-10 21:12:25;24.7;45.7
2111;2022-03-10 21:17:25;24.8;45.2
2112;2022-03-10 21:22:25;25.1;45.2
2113;2022-03-10 21:27:25;25.2;44.7
